-- phpMyAdmin SQL Dump
-- version 4.8.5
-- https://www.phpmyadmin.net/
--
-- Servidor: 127.0.0.1:3306
-- Tiempo de generación: 02-01-2020 a las 20:54:14
-- Versión del servidor: 5.7.26
-- Versión de PHP: 7.2.18

SET SQL_MODE = "NO_AUTO_VALUE_ON_ZERO";
SET AUTOCOMMIT = 0;
START TRANSACTION;
SET time_zone = "+00:00";


/*!40101 SET @OLD_CHARACTER_SET_CLIENT=@@CHARACTER_SET_CLIENT */;
/*!40101 SET @OLD_CHARACTER_SET_RESULTS=@@CHARACTER_SET_RESULTS */;
/*!40101 SET @OLD_COLLATION_CONNECTION=@@COLLATION_CONNECTION */;
/*!40101 SET NAMES utf8mb4 */;

--
-- Base de datos: `flacso`
--

-- --------------------------------------------------------

--
-- Estructura de tabla para la tabla `agenda_procesos`
--

DROP TABLE IF EXISTS `agenda_procesos`;
CREATE TABLE IF NOT EXISTS `agenda_procesos` (
  `id` int(11) NOT NULL AUTO_INCREMENT,
  `equipo_id` int(11) NOT NULL,
  `mes_id` int(11) NOT NULL,
  `proceso_id` int(11) NOT NULL,
  `age` varchar(10) NOT NULL,
  PRIMARY KEY (`id`)
) ENGINE=MyISAM AUTO_INCREMENT=2353 DEFAULT CHARSET=latin1;

--
-- Volcado de datos para la tabla `agenda_procesos`
--

INSERT INTO `agenda_procesos` (`id`, `equipo_id`, `mes_id`, `proceso_id`, `age`) VALUES
(1, 1, 1, 1, '2019'),
(2, 1, 1, 2, '2019'),
(3, 1, 1, 3, '2019'),
(4, 1, 1, 4, '2019'),
(5, 1, 1, 5, '2019'),
(6, 1, 1, 6, '2019'),
(7, 1, 1, 7, '2019'),
(8, 1, 1, 8, '2019'),
(9, 1, 1, 14, '2019'),
(10, 1, 2, 1, '2019'),
(11, 1, 2, 2, '2019'),
(12, 1, 2, 3, '2019'),
(13, 1, 2, 4, '2019'),
(14, 1, 2, 5, '2019'),
(15, 1, 2, 6, '2019'),
(16, 1, 2, 7, '2019'),
(17, 1, 2, 8, '2019'),
(18, 1, 2, 14, '2019'),
(19, 1, 3, 1, '2019'),
(20, 1, 3, 2, '2019'),
(21, 1, 3, 3, '2019'),
(22, 1, 3, 4, '2019'),
(23, 1, 3, 5, '2019'),
(24, 1, 3, 6, '2019'),
(25, 1, 3, 7, '2019'),
(26, 1, 3, 8, '2019'),
(27, 1, 3, 14, '2019'),
(28, 1, 4, 1, '2019'),
(29, 1, 4, 2, '2019'),
(30, 1, 4, 3, '2019'),
(31, 1, 4, 4, '2019'),
(32, 1, 4, 5, '2019'),
(33, 1, 4, 6, '2019'),
(34, 1, 4, 7, '2019'),
(35, 1, 4, 8, '2019'),
(36, 1, 4, 14, '2019'),
(37, 1, 5, 1, '2019'),
(38, 1, 5, 2, '2019'),
(39, 1, 5, 3, '2019'),
(40, 1, 5, 4, '2019'),
(41, 1, 5, 5, '2019'),
(42, 1, 5, 6, '2019'),
(43, 1, 5, 7, '2019'),
(44, 1, 5, 8, '2019'),
(45, 1, 5, 14, '2019'),
(46, 1, 6, 1, '2019'),
(47, 1, 6, 2, '2019'),
(48, 1, 6, 3, '2019'),
(49, 1, 6, 4, '2019'),
(50, 1, 6, 5, '2019'),
(51, 1, 6, 6, '2019'),
(52, 1, 6, 7, '2019'),
(53, 1, 6, 8, '2019'),
(54, 1, 6, 14, '2019'),
(55, 1, 7, 1, '2019'),
(56, 1, 7, 2, '2019'),
(57, 1, 7, 3, '2019'),
(58, 1, 7, 4, '2019'),
(59, 1, 7, 5, '2019'),
(60, 1, 7, 6, '2019'),
(61, 1, 7, 7, '2019'),
(62, 1, 7, 8, '2019'),
(63, 1, 7, 14, '2019'),
(64, 1, 8, 1, '2019'),
(65, 1, 8, 2, '2019'),
(66, 1, 8, 3, '2019'),
(67, 1, 8, 4, '2019'),
(68, 1, 8, 5, '2019'),
(69, 1, 8, 6, '2019'),
(70, 1, 8, 7, '2019'),
(71, 1, 8, 8, '2019'),
(72, 1, 8, 14, '2019'),
(73, 1, 9, 1, '2019'),
(74, 1, 9, 2, '2019'),
(75, 1, 9, 3, '2019'),
(76, 1, 9, 4, '2019'),
(77, 1, 9, 5, '2019'),
(78, 1, 9, 6, '2019'),
(79, 1, 9, 7, '2019'),
(80, 1, 9, 8, '2019'),
(81, 1, 9, 14, '2019'),
(82, 1, 10, 1, '2019'),
(83, 1, 10, 2, '2019'),
(84, 1, 10, 3, '2019'),
(85, 1, 10, 4, '2019'),
(86, 1, 10, 5, '2019'),
(87, 1, 10, 6, '2019'),
(88, 1, 10, 7, '2019'),
(89, 1, 10, 8, '2019'),
(90, 1, 10, 14, '2019'),
(91, 1, 11, 1, '2019'),
(92, 1, 11, 2, '2019'),
(93, 1, 11, 3, '2019'),
(94, 1, 11, 4, '2019'),
(95, 1, 11, 5, '2019'),
(96, 1, 11, 6, '2019'),
(97, 1, 11, 7, '2019'),
(98, 1, 11, 8, '2019'),
(99, 1, 11, 14, '2019'),
(100, 1, 12, 1, '2019'),
(101, 1, 12, 2, '2019'),
(102, 1, 12, 3, '2019'),
(103, 1, 12, 4, '2019'),
(104, 1, 12, 5, '2019'),
(105, 1, 12, 6, '2019'),
(106, 1, 12, 7, '2019'),
(107, 1, 12, 8, '2019'),
(108, 1, 12, 9, '2019'),
(109, 1, 12, 10, '2019'),
(110, 1, 12, 11, '2019'),
(111, 1, 12, 12, '2019'),
(112, 1, 12, 13, '2019'),
(113, 1, 12, 14, '2019'),
(114, 2, 1, 1, '2019'),
(115, 2, 1, 2, '2019'),
(116, 2, 1, 3, '2019'),
(117, 2, 1, 4, '2019'),
(118, 2, 1, 5, '2019'),
(119, 2, 1, 6, '2019'),
(120, 2, 1, 7, '2019'),
(121, 2, 1, 8, '2019'),
(122, 2, 1, 14, '2019'),
(123, 2, 2, 1, '2019'),
(124, 2, 2, 2, '2019'),
(125, 2, 2, 3, '2019'),
(126, 2, 2, 4, '2019'),
(127, 2, 2, 5, '2019'),
(128, 2, 2, 6, '2019'),
(129, 2, 2, 7, '2019'),
(130, 2, 2, 8, '2019'),
(131, 2, 2, 14, '2019'),
(132, 2, 3, 1, '2019'),
(133, 2, 3, 2, '2019'),
(134, 2, 3, 3, '2019'),
(135, 2, 3, 4, '2019'),
(136, 2, 3, 5, '2019'),
(137, 2, 3, 6, '2019'),
(138, 2, 3, 7, '2019'),
(139, 2, 3, 8, '2019'),
(140, 2, 3, 14, '2019'),
(141, 2, 4, 1, '2019'),
(142, 2, 4, 2, '2019'),
(143, 2, 4, 3, '2019'),
(144, 2, 4, 4, '2019'),
(145, 2, 4, 5, '2019'),
(146, 2, 4, 6, '2019'),
(147, 2, 4, 7, '2019'),
(148, 2, 4, 8, '2019'),
(149, 2, 4, 14, '2019'),
(150, 2, 5, 1, '2019'),
(151, 2, 5, 2, '2019'),
(152, 2, 5, 3, '2019'),
(153, 2, 5, 4, '2019'),
(154, 2, 5, 5, '2019'),
(155, 2, 5, 6, '2019'),
(156, 2, 5, 7, '2019'),
(157, 2, 5, 8, '2019'),
(158, 2, 5, 14, '2019'),
(159, 2, 6, 1, '2019'),
(160, 2, 6, 2, '2019'),
(161, 2, 6, 3, '2019'),
(162, 2, 6, 4, '2019'),
(163, 2, 6, 5, '2019'),
(164, 2, 6, 6, '2019'),
(165, 2, 6, 7, '2019'),
(166, 2, 6, 8, '2019'),
(167, 2, 6, 14, '2019'),
(168, 2, 7, 1, '2019'),
(169, 2, 7, 2, '2019'),
(170, 2, 7, 3, '2019'),
(171, 2, 7, 4, '2019'),
(172, 2, 7, 5, '2019'),
(173, 2, 7, 6, '2019'),
(174, 2, 7, 7, '2019'),
(175, 2, 7, 8, '2019'),
(176, 2, 7, 14, '2019'),
(177, 2, 8, 1, '2019'),
(178, 2, 8, 2, '2019'),
(179, 2, 8, 3, '2019'),
(180, 2, 8, 4, '2019'),
(181, 2, 8, 5, '2019'),
(182, 2, 8, 6, '2019'),
(183, 2, 8, 7, '2019'),
(184, 2, 8, 8, '2019'),
(185, 2, 8, 14, '2019'),
(186, 2, 9, 1, '2019'),
(187, 2, 9, 2, '2019'),
(188, 2, 9, 3, '2019'),
(189, 2, 9, 4, '2019'),
(190, 2, 9, 5, '2019'),
(191, 2, 9, 6, '2019'),
(192, 2, 9, 7, '2019'),
(193, 2, 9, 8, '2019'),
(194, 2, 9, 14, '2019'),
(195, 2, 10, 1, '2019'),
(196, 2, 10, 2, '2019'),
(197, 2, 10, 3, '2019'),
(198, 2, 10, 4, '2019'),
(199, 2, 10, 5, '2019'),
(200, 2, 10, 6, '2019'),
(201, 2, 10, 7, '2019'),
(202, 2, 10, 8, '2019'),
(203, 2, 10, 14, '2019'),
(204, 2, 11, 1, '2019'),
(205, 2, 11, 2, '2019'),
(206, 2, 11, 3, '2019'),
(207, 2, 11, 4, '2019'),
(208, 2, 11, 5, '2019'),
(209, 2, 11, 6, '2019'),
(210, 2, 11, 7, '2019'),
(211, 2, 11, 8, '2019'),
(212, 2, 11, 14, '2019'),
(213, 2, 12, 1, '2019'),
(214, 2, 12, 2, '2019'),
(215, 2, 12, 3, '2019'),
(216, 2, 12, 4, '2019'),
(217, 2, 12, 5, '2019'),
(218, 2, 12, 6, '2019'),
(219, 2, 12, 7, '2019'),
(220, 2, 12, 8, '2019'),
(221, 2, 12, 9, '2019'),
(222, 2, 12, 10, '2019'),
(223, 2, 12, 11, '2019'),
(224, 2, 12, 12, '2019'),
(225, 2, 12, 13, '2019'),
(226, 2, 12, 14, '2019'),
(227, 3, 1, 1, '2019'),
(228, 3, 1, 2, '2019'),
(229, 3, 1, 3, '2019'),
(230, 3, 1, 4, '2019'),
(231, 3, 1, 5, '2019'),
(232, 3, 1, 6, '2019'),
(233, 3, 1, 7, '2019'),
(234, 3, 1, 8, '2019'),
(235, 3, 1, 14, '2019'),
(236, 3, 2, 1, '2019'),
(237, 3, 2, 2, '2019'),
(238, 3, 2, 3, '2019'),
(239, 3, 2, 4, '2019'),
(240, 3, 2, 5, '2019'),
(241, 3, 2, 6, '2019'),
(242, 3, 2, 7, '2019'),
(243, 3, 2, 8, '2019'),
(244, 3, 2, 14, '2019'),
(245, 3, 3, 1, '2019'),
(246, 3, 3, 2, '2019'),
(247, 3, 3, 3, '2019'),
(248, 3, 3, 4, '2019'),
(249, 3, 3, 5, '2019'),
(250, 3, 3, 6, '2019'),
(251, 3, 3, 7, '2019'),
(252, 3, 3, 8, '2019'),
(253, 3, 3, 14, '2019'),
(254, 3, 4, 1, '2019'),
(255, 3, 4, 2, '2019'),
(256, 3, 4, 3, '2019'),
(257, 3, 4, 4, '2019'),
(258, 3, 4, 5, '2019'),
(259, 3, 4, 6, '2019'),
(260, 3, 4, 7, '2019'),
(261, 3, 4, 8, '2019'),
(262, 3, 4, 14, '2019'),
(263, 3, 5, 1, '2019'),
(264, 3, 5, 2, '2019'),
(265, 3, 5, 3, '2019'),
(266, 3, 5, 4, '2019'),
(267, 3, 5, 5, '2019'),
(268, 3, 5, 6, '2019'),
(269, 3, 5, 7, '2019'),
(270, 3, 5, 8, '2019'),
(271, 3, 5, 14, '2019'),
(272, 3, 6, 1, '2019'),
(273, 3, 6, 2, '2019'),
(274, 3, 6, 3, '2019'),
(275, 3, 6, 4, '2019'),
(276, 3, 6, 5, '2019'),
(277, 3, 6, 6, '2019'),
(278, 3, 6, 7, '2019'),
(279, 3, 6, 8, '2019'),
(280, 3, 6, 14, '2019'),
(281, 3, 7, 1, '2019'),
(282, 3, 7, 2, '2019'),
(283, 3, 7, 3, '2019'),
(284, 3, 7, 4, '2019'),
(285, 3, 7, 5, '2019'),
(286, 3, 7, 6, '2019'),
(287, 3, 7, 7, '2019'),
(288, 3, 7, 8, '2019'),
(289, 3, 7, 14, '2019'),
(290, 3, 8, 1, '2019'),
(291, 3, 8, 2, '2019'),
(292, 3, 8, 3, '2019'),
(293, 3, 8, 4, '2019'),
(294, 3, 8, 5, '2019'),
(295, 3, 8, 6, '2019'),
(296, 3, 8, 7, '2019'),
(297, 3, 8, 8, '2019'),
(298, 3, 8, 14, '2019'),
(299, 3, 9, 1, '2019'),
(300, 3, 9, 2, '2019'),
(301, 3, 9, 3, '2019'),
(302, 3, 9, 4, '2019'),
(303, 3, 9, 5, '2019'),
(304, 3, 9, 6, '2019'),
(305, 3, 9, 7, '2019'),
(306, 3, 9, 8, '2019'),
(307, 3, 9, 14, '2019'),
(308, 3, 10, 1, '2019'),
(309, 3, 10, 2, '2019'),
(310, 3, 10, 3, '2019'),
(311, 3, 10, 4, '2019'),
(312, 3, 10, 5, '2019'),
(313, 3, 10, 6, '2019'),
(314, 3, 10, 7, '2019'),
(315, 3, 10, 8, '2019'),
(316, 3, 10, 14, '2019'),
(317, 3, 11, 1, '2019'),
(318, 3, 11, 2, '2019'),
(319, 3, 11, 3, '2019'),
(320, 3, 11, 4, '2019'),
(321, 3, 11, 5, '2019'),
(322, 3, 11, 6, '2019'),
(323, 3, 11, 7, '2019'),
(324, 3, 11, 8, '2019'),
(325, 3, 11, 14, '2019'),
(326, 3, 12, 1, '2019'),
(327, 3, 12, 2, '2019'),
(328, 3, 12, 3, '2019'),
(329, 3, 12, 4, '2019'),
(330, 3, 12, 5, '2019'),
(331, 3, 12, 6, '2019'),
(332, 3, 12, 7, '2019'),
(333, 3, 12, 8, '2019'),
(334, 3, 12, 9, '2019'),
(335, 3, 12, 10, '2019'),
(336, 3, 12, 11, '2019'),
(337, 3, 12, 12, '2019'),
(338, 3, 12, 13, '2019'),
(339, 3, 12, 14, '2019'),
(340, 4, 1, 1, '2019'),
(341, 4, 1, 2, '2019'),
(342, 4, 1, 3, '2019'),
(343, 4, 1, 4, '2019'),
(344, 4, 1, 5, '2019'),
(345, 4, 1, 6, '2019'),
(346, 4, 1, 7, '2019'),
(347, 4, 1, 8, '2019'),
(348, 4, 1, 14, '2019'),
(349, 4, 2, 1, '2019'),
(350, 4, 2, 2, '2019'),
(351, 4, 2, 3, '2019'),
(352, 4, 2, 4, '2019'),
(353, 4, 2, 5, '2019'),
(354, 4, 2, 6, '2019'),
(355, 4, 2, 7, '2019'),
(356, 4, 2, 8, '2019'),
(357, 4, 2, 14, '2019'),
(358, 4, 3, 1, '2019'),
(359, 4, 3, 2, '2019'),
(360, 4, 3, 3, '2019'),
(361, 4, 3, 4, '2019'),
(362, 4, 3, 5, '2019'),
(363, 4, 3, 6, '2019'),
(364, 4, 3, 7, '2019'),
(365, 4, 3, 8, '2019'),
(366, 4, 3, 14, '2019'),
(367, 4, 4, 1, '2019'),
(368, 4, 4, 2, '2019'),
(369, 4, 4, 3, '2019'),
(370, 4, 4, 4, '2019'),
(371, 4, 4, 5, '2019'),
(372, 4, 4, 6, '2019'),
(373, 4, 4, 7, '2019'),
(374, 4, 4, 8, '2019'),
(375, 4, 4, 14, '2019'),
(376, 4, 5, 1, '2019'),
(377, 4, 5, 2, '2019'),
(378, 4, 5, 3, '2019'),
(379, 4, 5, 4, '2019'),
(380, 4, 5, 5, '2019'),
(381, 4, 5, 6, '2019'),
(382, 4, 5, 7, '2019'),
(383, 4, 5, 8, '2019'),
(384, 4, 5, 14, '2019'),
(385, 4, 6, 1, '2019'),
(386, 4, 6, 2, '2019'),
(387, 4, 6, 3, '2019'),
(388, 4, 6, 4, '2019'),
(389, 4, 6, 5, '2019'),
(390, 4, 6, 6, '2019'),
(391, 4, 6, 7, '2019'),
(392, 4, 6, 8, '2019'),
(393, 4, 6, 14, '2019'),
(394, 4, 7, 1, '2019'),
(395, 4, 7, 2, '2019'),
(396, 4, 7, 3, '2019'),
(397, 4, 7, 4, '2019'),
(398, 4, 7, 5, '2019'),
(399, 4, 7, 6, '2019'),
(400, 4, 7, 7, '2019'),
(401, 4, 7, 8, '2019'),
(402, 4, 7, 14, '2019'),
(403, 4, 8, 1, '2019'),
(404, 4, 8, 2, '2019'),
(405, 4, 8, 3, '2019'),
(406, 4, 8, 4, '2019'),
(407, 4, 8, 5, '2019'),
(408, 4, 8, 6, '2019'),
(409, 4, 8, 7, '2019'),
(410, 4, 8, 8, '2019'),
(411, 4, 8, 14, '2019'),
(412, 4, 9, 1, '2019'),
(413, 4, 9, 2, '2019'),
(414, 4, 9, 3, '2019'),
(415, 4, 9, 4, '2019'),
(416, 4, 9, 5, '2019'),
(417, 4, 9, 6, '2019'),
(418, 4, 9, 7, '2019'),
(419, 4, 9, 8, '2019'),
(420, 4, 9, 14, '2019'),
(421, 4, 10, 1, '2019'),
(422, 4, 10, 2, '2019'),
(423, 4, 10, 3, '2019'),
(424, 4, 10, 4, '2019'),
(425, 4, 10, 5, '2019'),
(426, 4, 10, 6, '2019'),
(427, 4, 10, 7, '2019'),
(428, 4, 10, 8, '2019'),
(429, 4, 10, 14, '2019'),
(430, 4, 11, 1, '2019'),
(431, 4, 11, 2, '2019'),
(432, 4, 11, 3, '2019'),
(433, 4, 11, 4, '2019'),
(434, 4, 11, 5, '2019'),
(435, 4, 11, 6, '2019'),
(436, 4, 11, 7, '2019'),
(437, 4, 11, 8, '2019'),
(438, 4, 11, 14, '2019'),
(439, 4, 12, 1, '2019'),
(440, 4, 12, 2, '2019'),
(441, 4, 12, 3, '2019'),
(442, 4, 12, 4, '2019'),
(443, 4, 12, 5, '2019'),
(444, 4, 12, 6, '2019'),
(445, 4, 12, 7, '2019'),
(446, 4, 12, 8, '2019'),
(447, 4, 12, 9, '2019'),
(448, 4, 12, 10, '2019'),
(449, 4, 12, 11, '2019'),
(450, 4, 12, 12, '2019'),
(451, 4, 12, 13, '2019'),
(452, 4, 12, 14, '2019'),
(453, 5, 1, 1, '2019'),
(454, 5, 1, 2, '2019'),
(455, 5, 1, 3, '2019'),
(456, 5, 1, 4, '2019'),
(457, 5, 1, 5, '2019'),
(458, 5, 1, 6, '2019'),
(459, 5, 1, 7, '2019'),
(460, 5, 1, 8, '2019'),
(461, 5, 1, 14, '2019'),
(462, 5, 2, 1, '2019'),
(463, 5, 2, 2, '2019'),
(464, 5, 2, 3, '2019'),
(465, 5, 2, 4, '2019'),
(466, 5, 2, 5, '2019'),
(467, 5, 2, 6, '2019'),
(468, 5, 2, 7, '2019'),
(469, 5, 2, 8, '2019'),
(470, 5, 2, 14, '2019'),
(471, 5, 3, 1, '2019'),
(472, 5, 3, 2, '2019'),
(473, 5, 3, 3, '2019'),
(474, 5, 3, 4, '2019'),
(475, 5, 3, 5, '2019'),
(476, 5, 3, 6, '2019'),
(477, 5, 3, 7, '2019'),
(478, 5, 3, 8, '2019'),
(479, 5, 3, 14, '2019'),
(480, 5, 4, 1, '2019'),
(481, 5, 4, 2, '2019'),
(482, 5, 4, 3, '2019'),
(483, 5, 4, 4, '2019'),
(484, 5, 4, 5, '2019'),
(485, 5, 4, 6, '2019'),
(486, 5, 4, 7, '2019'),
(487, 5, 4, 8, '2019'),
(488, 5, 4, 14, '2019'),
(489, 5, 5, 1, '2019'),
(490, 5, 5, 2, '2019'),
(491, 5, 5, 3, '2019'),
(492, 5, 5, 4, '2019'),
(493, 5, 5, 5, '2019'),
(494, 5, 5, 6, '2019'),
(495, 5, 5, 7, '2019'),
(496, 5, 5, 8, '2019'),
(497, 5, 5, 14, '2019'),
(498, 5, 6, 1, '2019'),
(499, 5, 6, 2, '2019'),
(500, 5, 6, 3, '2019'),
(501, 5, 6, 4, '2019'),
(502, 5, 6, 5, '2019'),
(503, 5, 6, 6, '2019'),
(504, 5, 6, 7, '2019'),
(505, 5, 6, 8, '2019'),
(506, 5, 6, 14, '2019'),
(507, 5, 7, 1, '2019'),
(508, 5, 7, 2, '2019'),
(509, 5, 7, 3, '2019'),
(510, 5, 7, 4, '2019'),
(511, 5, 7, 5, '2019'),
(512, 5, 7, 6, '2019'),
(513, 5, 7, 7, '2019'),
(514, 5, 7, 8, '2019'),
(515, 5, 7, 14, '2019'),
(516, 5, 8, 1, '2019'),
(517, 5, 8, 2, '2019'),
(518, 5, 8, 3, '2019'),
(519, 5, 8, 4, '2019'),
(520, 5, 8, 5, '2019'),
(521, 5, 8, 6, '2019'),
(522, 5, 8, 7, '2019'),
(523, 5, 8, 8, '2019'),
(524, 5, 8, 14, '2019'),
(525, 5, 9, 1, '2019'),
(526, 5, 9, 2, '2019'),
(527, 5, 9, 3, '2019'),
(528, 5, 9, 4, '2019'),
(529, 5, 9, 5, '2019'),
(530, 5, 9, 6, '2019'),
(531, 5, 9, 7, '2019'),
(532, 5, 9, 8, '2019'),
(533, 5, 9, 14, '2019'),
(534, 5, 10, 1, '2019'),
(535, 5, 10, 2, '2019'),
(536, 5, 10, 3, '2019'),
(537, 5, 10, 4, '2019'),
(538, 5, 10, 5, '2019'),
(539, 5, 10, 6, '2019'),
(540, 5, 10, 7, '2019'),
(541, 5, 10, 8, '2019'),
(542, 5, 10, 14, '2019'),
(543, 5, 11, 1, '2019'),
(544, 5, 11, 2, '2019'),
(545, 5, 11, 3, '2019'),
(546, 5, 11, 4, '2019'),
(547, 5, 11, 5, '2019'),
(548, 5, 11, 6, '2019'),
(549, 5, 11, 7, '2019'),
(550, 5, 11, 8, '2019'),
(551, 5, 11, 14, '2019'),
(552, 5, 12, 1, '2019'),
(553, 5, 12, 2, '2019'),
(554, 5, 12, 3, '2019'),
(555, 5, 12, 4, '2019'),
(556, 5, 12, 5, '2019'),
(557, 5, 12, 6, '2019'),
(558, 5, 12, 7, '2019'),
(559, 5, 12, 8, '2019'),
(560, 5, 12, 9, '2019'),
(561, 5, 12, 10, '2019'),
(562, 5, 12, 11, '2019'),
(563, 5, 12, 12, '2019'),
(564, 5, 12, 13, '2019'),
(565, 5, 12, 14, '2019'),
(566, 6, 1, 15, '2019'),
(567, 6, 1, 16, '2019'),
(568, 6, 2, 15, '2019'),
(569, 6, 2, 16, '2019'),
(570, 6, 2, 17, '2019'),
(571, 6, 2, 18, '2019'),
(572, 6, 2, 19, '2019'),
(573, 6, 2, 20, '2019'),
(574, 6, 3, 15, '2019'),
(575, 6, 3, 16, '2019'),
(576, 6, 3, 21, '2019'),
(577, 6, 3, 22, '2019'),
(578, 6, 3, 23, '2019'),
(579, 6, 4, 15, '2019'),
(580, 6, 4, 16, '2019'),
(581, 6, 5, 15, '2019'),
(582, 6, 5, 16, '2019'),
(583, 6, 5, 17, '2019'),
(584, 6, 5, 18, '2019'),
(585, 6, 5, 19, '2019'),
(586, 6, 5, 20, '2019'),
(587, 6, 6, 15, '2019'),
(588, 6, 6, 16, '2019'),
(589, 6, 6, 21, '2019'),
(590, 6, 6, 22, '2019'),
(591, 6, 6, 23, '2019'),
(592, 6, 7, 15, '2019'),
(593, 6, 7, 16, '2019'),
(594, 6, 8, 15, '2019'),
(595, 6, 8, 16, '2019'),
(596, 6, 9, 15, '2019'),
(597, 6, 9, 16, '2019'),
(598, 6, 9, 17, '2019'),
(599, 6, 9, 18, '2019'),
(600, 6, 9, 19, '2019'),
(601, 6, 9, 20, '2019'),
(602, 6, 9, 21, '2019'),
(603, 6, 9, 22, '2019'),
(604, 6, 9, 23, '2019'),
(605, 6, 10, 15, '2019'),
(606, 6, 10, 16, '2019'),
(607, 6, 11, 15, '2019'),
(608, 6, 11, 16, '2019'),
(609, 6, 12, 15, '2019'),
(610, 6, 12, 16, '2019'),
(611, 6, 12, 17, '2019'),
(612, 6, 12, 18, '2019'),
(613, 6, 12, 19, '2019'),
(614, 6, 12, 20, '2019'),
(615, 6, 12, 21, '2019'),
(616, 6, 12, 22, '2019'),
(617, 6, 12, 23, '2019'),
(618, 6, 12, 24, '2019'),
(619, 6, 12, 25, '2019'),
(620, 7, 1, 15, '2019'),
(621, 7, 1, 16, '2019'),
(622, 7, 2, 15, '2019'),
(623, 7, 2, 16, '2019'),
(624, 7, 2, 17, '2019'),
(625, 7, 2, 18, '2019'),
(626, 7, 2, 19, '2019'),
(627, 7, 2, 20, '2019'),
(628, 7, 3, 15, '2019'),
(629, 7, 3, 16, '2019'),
(630, 7, 3, 21, '2019'),
(631, 7, 3, 22, '2019'),
(632, 7, 3, 23, '2019'),
(633, 7, 4, 15, '2019'),
(634, 7, 4, 16, '2019'),
(635, 7, 5, 15, '2019'),
(636, 7, 5, 16, '2019'),
(637, 7, 5, 17, '2019'),
(638, 7, 5, 18, '2019'),
(639, 7, 5, 19, '2019'),
(640, 7, 5, 20, '2019'),
(641, 7, 6, 15, '2019'),
(642, 7, 6, 16, '2019'),
(643, 7, 6, 21, '2019'),
(644, 7, 6, 22, '2019'),
(645, 7, 6, 23, '2019'),
(646, 7, 7, 15, '2019'),
(647, 7, 7, 16, '2019'),
(648, 7, 8, 15, '2019'),
(649, 7, 8, 16, '2019'),
(650, 7, 9, 15, '2019'),
(651, 7, 9, 16, '2019'),
(652, 7, 9, 17, '2019'),
(653, 7, 9, 18, '2019'),
(654, 7, 9, 19, '2019'),
(655, 7, 9, 20, '2019'),
(656, 7, 9, 21, '2019'),
(657, 7, 9, 22, '2019'),
(658, 7, 9, 23, '2019'),
(659, 7, 10, 15, '2019'),
(660, 7, 10, 16, '2019'),
(661, 7, 11, 15, '2019'),
(662, 7, 11, 16, '2019'),
(663, 7, 12, 15, '2019'),
(664, 7, 12, 16, '2019'),
(665, 7, 12, 17, '2019'),
(666, 7, 12, 18, '2019'),
(667, 7, 12, 19, '2019'),
(668, 7, 12, 20, '2019'),
(669, 7, 12, 21, '2019'),
(670, 7, 12, 22, '2019'),
(671, 7, 12, 23, '2019'),
(672, 7, 12, 24, '2019'),
(673, 7, 12, 25, '2019'),
(674, 8, 1, 15, '2019'),
(675, 8, 1, 16, '2019'),
(676, 8, 2, 15, '2019'),
(677, 8, 2, 16, '2019'),
(678, 8, 2, 17, '2019'),
(679, 8, 2, 18, '2019'),
(680, 8, 2, 19, '2019'),
(681, 8, 2, 20, '2019'),
(682, 8, 3, 15, '2019'),
(683, 8, 3, 16, '2019'),
(684, 8, 3, 21, '2019'),
(685, 8, 3, 22, '2019'),
(686, 8, 3, 23, '2019'),
(687, 8, 4, 15, '2019'),
(688, 8, 4, 16, '2019'),
(689, 8, 5, 15, '2019'),
(690, 8, 5, 16, '2019'),
(691, 8, 5, 17, '2019'),
(692, 8, 5, 18, '2019'),
(693, 8, 5, 19, '2019'),
(694, 8, 5, 20, '2019'),
(695, 8, 6, 15, '2019'),
(696, 8, 6, 16, '2019'),
(697, 8, 6, 21, '2019'),
(698, 8, 6, 22, '2019'),
(699, 8, 6, 23, '2019'),
(700, 8, 7, 15, '2019'),
(701, 8, 7, 16, '2019'),
(702, 8, 8, 15, '2019'),
(703, 8, 8, 16, '2019'),
(704, 8, 9, 15, '2019'),
(705, 8, 9, 16, '2019'),
(706, 8, 9, 17, '2019'),
(707, 8, 9, 18, '2019'),
(708, 8, 9, 19, '2019'),
(709, 8, 9, 20, '2019'),
(710, 8, 9, 21, '2019'),
(711, 8, 9, 22, '2019'),
(712, 8, 9, 23, '2019'),
(713, 8, 10, 15, '2019'),
(714, 8, 10, 16, '2019'),
(715, 8, 11, 15, '2019'),
(716, 8, 11, 16, '2019'),
(717, 8, 12, 15, '2019'),
(718, 8, 12, 16, '2019'),
(719, 8, 12, 17, '2019'),
(720, 8, 12, 18, '2019'),
(721, 8, 12, 19, '2019'),
(722, 8, 12, 20, '2019'),
(723, 8, 12, 21, '2019'),
(724, 8, 12, 22, '2019'),
(725, 8, 12, 23, '2019'),
(726, 8, 12, 24, '2019'),
(727, 8, 12, 25, '2019'),
(728, 9, 1, 15, '2019'),
(729, 9, 1, 16, '2019'),
(730, 9, 2, 15, '2019'),
(731, 9, 2, 16, '2019'),
(732, 9, 2, 17, '2019'),
(733, 9, 2, 18, '2019'),
(734, 9, 2, 19, '2019'),
(735, 9, 2, 20, '2019'),
(736, 9, 3, 15, '2019'),
(737, 9, 3, 16, '2019'),
(738, 9, 3, 21, '2019'),
(739, 9, 3, 22, '2019'),
(740, 9, 3, 23, '2019'),
(741, 9, 4, 15, '2019'),
(742, 9, 4, 16, '2019'),
(743, 9, 5, 15, '2019'),
(744, 9, 5, 16, '2019'),
(745, 9, 5, 17, '2019'),
(746, 9, 5, 18, '2019'),
(747, 9, 5, 19, '2019'),
(748, 9, 5, 20, '2019'),
(749, 9, 6, 15, '2019'),
(750, 9, 6, 16, '2019'),
(751, 9, 6, 21, '2019'),
(752, 9, 6, 22, '2019'),
(753, 9, 6, 23, '2019'),
(754, 9, 7, 15, '2019'),
(755, 9, 7, 16, '2019'),
(756, 9, 8, 15, '2019'),
(757, 9, 8, 16, '2019'),
(758, 9, 9, 15, '2019'),
(759, 9, 9, 16, '2019'),
(760, 9, 9, 17, '2019'),
(761, 9, 9, 18, '2019'),
(762, 9, 9, 19, '2019'),
(763, 9, 9, 20, '2019'),
(764, 9, 9, 21, '2019'),
(765, 9, 9, 22, '2019'),
(766, 9, 9, 23, '2019'),
(767, 9, 10, 15, '2019'),
(768, 9, 10, 16, '2019'),
(769, 9, 11, 15, '2019'),
(770, 9, 11, 16, '2019'),
(771, 9, 12, 15, '2019'),
(772, 9, 12, 16, '2019'),
(773, 9, 12, 17, '2019'),
(774, 9, 12, 18, '2019'),
(775, 9, 12, 19, '2019'),
(776, 9, 12, 20, '2019'),
(777, 9, 12, 21, '2019'),
(778, 9, 12, 22, '2019'),
(779, 9, 12, 23, '2019'),
(780, 9, 12, 24, '2019'),
(781, 9, 12, 25, '2019'),
(782, 10, 1, 15, '2019'),
(783, 10, 1, 16, '2019'),
(784, 10, 2, 15, '2019'),
(785, 10, 2, 16, '2019'),
(786, 10, 2, 17, '2019'),
(787, 10, 2, 18, '2019'),
(788, 10, 2, 19, '2019'),
(789, 10, 2, 20, '2019'),
(790, 10, 3, 15, '2019'),
(791, 10, 3, 16, '2019'),
(792, 10, 3, 21, '2019'),
(793, 10, 3, 22, '2019'),
(794, 10, 3, 23, '2019'),
(795, 10, 4, 15, '2019'),
(796, 10, 4, 16, '2019'),
(797, 10, 5, 15, '2019'),
(798, 10, 5, 16, '2019'),
(799, 10, 5, 17, '2019'),
(800, 10, 5, 18, '2019'),
(801, 10, 5, 19, '2019'),
(802, 10, 5, 20, '2019'),
(803, 10, 6, 15, '2019'),
(804, 10, 6, 16, '2019'),
(805, 10, 6, 21, '2019'),
(806, 10, 6, 22, '2019'),
(807, 10, 6, 23, '2019'),
(808, 10, 7, 15, '2019'),
(809, 10, 7, 16, '2019'),
(810, 10, 8, 15, '2019'),
(811, 10, 8, 16, '2019'),
(812, 10, 9, 15, '2019'),
(813, 10, 9, 16, '2019'),
(814, 10, 9, 17, '2019'),
(815, 10, 9, 18, '2019'),
(816, 10, 9, 19, '2019'),
(817, 10, 9, 20, '2019'),
(818, 10, 9, 21, '2019'),
(819, 10, 9, 22, '2019'),
(820, 10, 9, 23, '2019'),
(821, 10, 10, 15, '2019'),
(822, 10, 10, 16, '2019'),
(823, 10, 11, 15, '2019'),
(824, 10, 11, 16, '2019'),
(825, 10, 12, 15, '2019'),
(826, 10, 12, 16, '2019'),
(827, 10, 12, 17, '2019'),
(828, 10, 12, 18, '2019'),
(829, 10, 12, 19, '2019'),
(830, 10, 12, 20, '2019'),
(831, 10, 12, 21, '2019'),
(832, 10, 12, 22, '2019'),
(833, 10, 12, 23, '2019'),
(834, 10, 12, 24, '2019'),
(835, 10, 12, 25, '2019'),
(836, 11, 3, 32, '2019'),
(837, 11, 3, 33, '2019'),
(838, 11, 3, 36, '2019'),
(839, 11, 6, 32, '2019'),
(840, 11, 6, 33, '2019'),
(841, 11, 6, 36, '2019'),
(842, 11, 9, 32, '2019'),
(843, 11, 9, 33, '2019'),
(844, 11, 9, 36, '2019'),
(845, 11, 12, 26, '2019'),
(846, 11, 12, 27, '2019'),
(847, 11, 12, 28, '2019'),
(848, 11, 12, 29, '2019'),
(849, 11, 12, 30, '2019'),
(850, 11, 12, 32, '2019'),
(851, 11, 12, 32, '2019'),
(852, 11, 12, 33, '2019'),
(853, 11, 12, 36, '2019'),
(854, 12, 3, 32, '2019'),
(855, 12, 3, 33, '2019'),
(856, 12, 3, 36, '2019'),
(857, 12, 6, 32, '2019'),
(858, 12, 6, 33, '2019'),
(859, 12, 6, 36, '2019'),
(860, 12, 9, 32, '2019'),
(861, 12, 9, 33, '2019'),
(862, 12, 9, 36, '2019'),
(863, 12, 12, 26, '2019'),
(864, 12, 12, 27, '2019'),
(865, 12, 12, 28, '2019'),
(866, 12, 12, 29, '2019'),
(867, 12, 12, 30, '2019'),
(868, 12, 12, 32, '2019'),
(869, 12, 12, 32, '2019'),
(870, 12, 12, 33, '2019'),
(871, 12, 12, 36, '2019'),
(872, 13, 3, 32, '2019'),
(873, 13, 3, 33, '2019'),
(874, 13, 3, 36, '2019'),
(875, 13, 6, 32, '2019'),
(876, 13, 6, 33, '2019'),
(877, 13, 6, 36, '2019'),
(878, 13, 9, 32, '2019'),
(879, 13, 9, 33, '2019'),
(880, 13, 9, 36, '2019'),
(881, 13, 12, 26, '2019'),
(882, 13, 12, 27, '2019'),
(883, 13, 12, 28, '2019'),
(884, 13, 12, 29, '2019'),
(885, 13, 12, 30, '2019'),
(886, 13, 12, 32, '2019'),
(887, 13, 12, 32, '2019'),
(888, 13, 12, 33, '2019'),
(889, 13, 12, 36, '2019'),
(890, 14, 3, 32, '2019'),
(891, 14, 3, 33, '2019'),
(892, 14, 3, 36, '2019'),
(893, 14, 6, 32, '2019'),
(894, 14, 6, 33, '2019'),
(895, 14, 6, 36, '2019'),
(896, 14, 9, 32, '2019'),
(897, 14, 9, 33, '2019'),
(898, 14, 9, 36, '2019'),
(899, 14, 12, 26, '2019'),
(900, 14, 12, 27, '2019'),
(901, 14, 12, 28, '2019'),
(902, 14, 12, 29, '2019'),
(903, 14, 12, 30, '2019'),
(904, 14, 12, 32, '2019'),
(905, 14, 12, 32, '2019'),
(906, 14, 12, 33, '2019'),
(907, 14, 12, 36, '2019'),
(908, 15, 3, 32, '2019'),
(909, 15, 3, 33, '2019'),
(910, 15, 3, 36, '2019'),
(911, 15, 6, 32, '2019'),
(912, 15, 6, 33, '2019'),
(913, 15, 6, 36, '2019'),
(914, 15, 9, 32, '2019'),
(915, 15, 9, 33, '2019'),
(916, 15, 9, 36, '2019'),
(917, 15, 12, 26, '2019'),
(918, 15, 12, 27, '2019'),
(919, 15, 12, 28, '2019'),
(920, 15, 12, 29, '2019'),
(921, 15, 12, 30, '2019'),
(922, 15, 12, 32, '2019'),
(923, 15, 12, 32, '2019'),
(924, 15, 12, 33, '2019'),
(925, 15, 12, 36, '2019'),
(926, 16, 1, 52, '2019'),
(927, 16, 1, 53, '2019'),
(928, 16, 1, 54, '2019'),
(929, 16, 1, 55, '2019'),
(930, 16, 1, 56, '2019'),
(931, 16, 1, 57, '2019'),
(932, 16, 1, 58, '2019'),
(933, 16, 1, 59, '2019'),
(934, 16, 3, 56, '2019'),
(935, 16, 5, 56, '2019'),
(936, 16, 7, 52, '2019'),
(937, 16, 7, 53, '2019'),
(938, 16, 7, 54, '2019'),
(939, 16, 7, 55, '2019'),
(940, 16, 7, 56, '2019'),
(941, 16, 7, 57, '2019'),
(942, 16, 7, 58, '2019'),
(943, 16, 7, 59, '2019'),
(944, 16, 9, 56, '2019'),
(945, 16, 11, 56, '2019'),
(946, 17, 1, 52, '2019'),
(947, 17, 1, 53, '2019'),
(948, 17, 1, 54, '2019'),
(949, 17, 1, 55, '2019'),
(950, 17, 1, 56, '2019'),
(951, 17, 1, 57, '2019'),
(952, 17, 1, 58, '2019'),
(953, 17, 1, 59, '2019'),
(954, 17, 3, 56, '2019'),
(955, 17, 5, 56, '2019'),
(956, 17, 7, 52, '2019'),
(957, 17, 7, 53, '2019'),
(958, 17, 7, 54, '2019'),
(959, 17, 7, 55, '2019'),
(960, 17, 7, 56, '2019'),
(961, 17, 7, 57, '2019'),
(962, 17, 7, 58, '2019'),
(963, 17, 7, 59, '2019'),
(964, 17, 9, 56, '2019'),
(965, 17, 11, 56, '2019'),
(966, 18, 1, 52, '2019'),
(967, 18, 1, 53, '2019'),
(968, 18, 1, 54, '2019'),
(969, 18, 1, 55, '2019'),
(970, 18, 1, 56, '2019'),
(971, 18, 1, 57, '2019'),
(972, 18, 1, 58, '2019'),
(973, 18, 1, 59, '2019'),
(974, 18, 3, 56, '2019'),
(975, 18, 5, 56, '2019'),
(976, 18, 7, 52, '2019'),
(977, 18, 7, 53, '2019'),
(978, 18, 7, 54, '2019'),
(979, 18, 7, 55, '2019'),
(980, 18, 7, 56, '2019'),
(981, 18, 7, 57, '2019'),
(982, 18, 7, 58, '2019'),
(983, 18, 7, 59, '2019'),
(984, 18, 9, 56, '2019'),
(985, 18, 11, 56, '2019'),
(986, 19, 1, 52, '2019'),
(987, 19, 1, 53, '2019'),
(988, 19, 1, 54, '2019'),
(989, 19, 1, 55, '2019'),
(990, 19, 1, 56, '2019'),
(991, 19, 1, 57, '2019'),
(992, 19, 1, 58, '2019'),
(993, 19, 1, 59, '2019'),
(994, 19, 3, 56, '2019'),
(995, 19, 5, 56, '2019'),
(996, 19, 7, 52, '2019'),
(997, 19, 7, 53, '2019'),
(998, 19, 7, 54, '2019'),
(999, 19, 7, 55, '2019'),
(1000, 19, 7, 56, '2019'),
(1001, 19, 7, 57, '2019'),
(1002, 19, 7, 58, '2019'),
(1003, 19, 7, 59, '2019'),
(1004, 19, 9, 56, '2019'),
(1005, 19, 11, 56, '2019'),
(1006, 20, 1, 52, '2019'),
(1007, 20, 1, 53, '2019'),
(1008, 20, 1, 54, '2019'),
(1009, 20, 1, 55, '2019'),
(1010, 20, 1, 56, '2019'),
(1011, 20, 1, 57, '2019'),
(1012, 20, 1, 58, '2019'),
(1013, 20, 1, 59, '2019'),
(1014, 20, 3, 56, '2019'),
(1015, 20, 5, 56, '2019'),
(1016, 20, 7, 52, '2019'),
(1017, 20, 7, 53, '2019'),
(1018, 20, 7, 54, '2019'),
(1019, 20, 7, 55, '2019'),
(1020, 20, 7, 56, '2019'),
(1021, 20, 7, 57, '2019'),
(1022, 20, 7, 58, '2019'),
(1023, 20, 7, 59, '2019'),
(1024, 20, 9, 56, '2019'),
(1025, 20, 11, 56, '2019'),
(1026, 21, 1, 52, '2019'),
(1027, 21, 1, 53, '2019'),
(1028, 21, 1, 54, '2019'),
(1029, 21, 1, 55, '2019'),
(1030, 21, 1, 56, '2019'),
(1031, 21, 1, 57, '2019'),
(1032, 21, 1, 58, '2019'),
(1033, 21, 1, 59, '2019'),
(1034, 21, 3, 56, '2019'),
(1035, 21, 5, 56, '2019'),
(1036, 21, 7, 52, '2019'),
(1037, 21, 7, 53, '2019'),
(1038, 21, 7, 54, '2019'),
(1039, 21, 7, 55, '2019'),
(1040, 21, 7, 56, '2019'),
(1041, 21, 7, 57, '2019'),
(1042, 21, 7, 58, '2019'),
(1043, 21, 7, 59, '2019'),
(1044, 21, 9, 56, '2019'),
(1045, 21, 11, 56, '2019'),
(1046, 22, 1, 52, '2019'),
(1047, 22, 1, 53, '2019'),
(1048, 22, 1, 54, '2019'),
(1049, 22, 1, 55, '2019'),
(1050, 22, 1, 56, '2019'),
(1051, 22, 1, 57, '2019'),
(1052, 22, 1, 58, '2019'),
(1053, 22, 1, 59, '2019'),
(1054, 22, 3, 56, '2019'),
(1055, 22, 5, 56, '2019'),
(1056, 22, 7, 52, '2019'),
(1057, 22, 7, 53, '2019'),
(1058, 22, 7, 54, '2019'),
(1059, 22, 7, 55, '2019'),
(1060, 22, 7, 56, '2019'),
(1061, 22, 7, 57, '2019'),
(1062, 22, 7, 58, '2019'),
(1063, 22, 7, 59, '2019'),
(1064, 22, 9, 56, '2019'),
(1065, 22, 11, 56, '2019'),
(1066, 23, 1, 52, '2019'),
(1067, 23, 1, 53, '2019'),
(1068, 23, 1, 54, '2019'),
(1069, 23, 1, 55, '2019'),
(1070, 23, 1, 56, '2019'),
(1071, 23, 1, 57, '2019'),
(1072, 23, 1, 58, '2019'),
(1073, 23, 1, 59, '2019'),
(1074, 23, 3, 56, '2019'),
(1075, 23, 5, 56, '2019'),
(1076, 23, 7, 52, '2019'),
(1077, 23, 7, 53, '2019'),
(1078, 23, 7, 54, '2019'),
(1079, 23, 7, 55, '2019'),
(1080, 23, 7, 56, '2019'),
(1081, 23, 7, 57, '2019'),
(1082, 23, 7, 58, '2019'),
(1083, 23, 7, 59, '2019'),
(1084, 23, 9, 56, '2019'),
(1085, 23, 11, 56, '2019'),
(1086, 24, 1, 52, '2019'),
(1087, 24, 1, 53, '2019'),
(1088, 24, 1, 54, '2019'),
(1089, 24, 1, 55, '2019'),
(1090, 24, 1, 56, '2019'),
(1091, 24, 1, 57, '2019'),
(1092, 24, 1, 58, '2019'),
(1093, 24, 1, 59, '2019'),
(1094, 24, 3, 56, '2019'),
(1095, 24, 5, 56, '2019'),
(1096, 24, 7, 52, '2019'),
(1097, 24, 7, 53, '2019'),
(1098, 24, 7, 54, '2019'),
(1099, 24, 7, 55, '2019'),
(1100, 24, 7, 56, '2019'),
(1101, 24, 7, 57, '2019'),
(1102, 24, 7, 58, '2019'),
(1103, 24, 7, 59, '2019'),
(1104, 24, 9, 56, '2019'),
(1105, 24, 11, 56, '2019'),
(1106, 25, 1, 52, '2019'),
(1107, 25, 1, 53, '2019'),
(1108, 25, 1, 54, '2019'),
(1109, 25, 1, 55, '2019'),
(1110, 25, 1, 56, '2019'),
(1111, 25, 1, 57, '2019'),
(1112, 25, 1, 58, '2019'),
(1113, 25, 1, 59, '2019'),
(1114, 25, 3, 56, '2019'),
(1115, 25, 5, 56, '2019'),
(1116, 25, 7, 52, '2019'),
(1117, 25, 7, 53, '2019'),
(1118, 25, 7, 54, '2019'),
(1119, 25, 7, 55, '2019'),
(1120, 25, 7, 56, '2019'),
(1121, 25, 7, 57, '2019'),
(1122, 25, 7, 58, '2019'),
(1123, 25, 7, 59, '2019'),
(1124, 25, 9, 56, '2019'),
(1125, 25, 11, 56, '2019'),
(1126, 26, 1, 52, '2019'),
(1127, 26, 1, 53, '2019'),
(1128, 26, 1, 54, '2019'),
(1129, 26, 1, 55, '2019'),
(1130, 26, 1, 56, '2019'),
(1131, 26, 1, 57, '2019'),
(1132, 26, 1, 58, '2019'),
(1133, 26, 1, 59, '2019'),
(1134, 26, 3, 56, '2019'),
(1135, 26, 5, 56, '2019'),
(1136, 26, 7, 52, '2019'),
(1137, 26, 7, 53, '2019'),
(1138, 26, 7, 54, '2019'),
(1139, 26, 7, 55, '2019'),
(1140, 26, 7, 56, '2019'),
(1141, 26, 7, 57, '2019'),
(1142, 26, 7, 58, '2019'),
(1143, 26, 7, 59, '2019'),
(1144, 26, 9, 56, '2019'),
(1145, 26, 11, 56, '2019'),
(1146, 27, 1, 52, '2019'),
(1147, 27, 1, 53, '2019'),
(1148, 27, 1, 54, '2019'),
(1149, 27, 1, 55, '2019'),
(1150, 27, 1, 56, '2019'),
(1151, 27, 1, 57, '2019'),
(1152, 27, 1, 58, '2019'),
(1153, 27, 1, 59, '2019'),
(1154, 27, 3, 56, '2019'),
(1155, 27, 5, 56, '2019'),
(1156, 27, 7, 52, '2019'),
(1157, 27, 7, 53, '2019'),
(1158, 27, 7, 54, '2019'),
(1159, 27, 7, 55, '2019'),
(1160, 27, 7, 56, '2019'),
(1161, 27, 7, 57, '2019'),
(1162, 27, 7, 58, '2019'),
(1163, 27, 7, 59, '2019'),
(1164, 27, 9, 56, '2019'),
(1165, 27, 11, 56, '2019'),
(1166, 28, 1, 52, '2019'),
(1167, 28, 1, 53, '2019'),
(1168, 28, 1, 54, '2019'),
(1169, 28, 1, 55, '2019'),
(1170, 28, 1, 56, '2019'),
(1171, 28, 1, 57, '2019'),
(1172, 28, 1, 58, '2019'),
(1173, 28, 1, 59, '2019'),
(1174, 28, 3, 56, '2019'),
(1175, 28, 5, 56, '2019'),
(1176, 28, 7, 52, '2019'),
(1177, 28, 7, 53, '2019'),
(1178, 28, 7, 54, '2019'),
(1179, 28, 7, 55, '2019'),
(1180, 28, 7, 56, '2019'),
(1181, 28, 7, 57, '2019'),
(1182, 28, 7, 58, '2019'),
(1183, 28, 7, 59, '2019'),
(1184, 28, 9, 56, '2019'),
(1185, 28, 11, 56, '2019'),
(1186, 29, 1, 52, '2019'),
(1187, 29, 1, 53, '2019'),
(1188, 29, 1, 54, '2019'),
(1189, 29, 1, 55, '2019'),
(1190, 29, 1, 56, '2019'),
(1191, 29, 1, 57, '2019'),
(1192, 29, 1, 58, '2019'),
(1193, 29, 1, 59, '2019'),
(1194, 29, 3, 56, '2019'),
(1195, 29, 5, 56, '2019'),
(1196, 29, 7, 52, '2019'),
(1197, 29, 7, 53, '2019'),
(1198, 29, 7, 54, '2019'),
(1199, 29, 7, 55, '2019'),
(1200, 29, 7, 56, '2019'),
(1201, 29, 7, 57, '2019'),
(1202, 29, 7, 58, '2019'),
(1203, 29, 7, 59, '2019'),
(1204, 29, 9, 56, '2019'),
(1205, 29, 11, 56, '2019'),
(1206, 30, 1, 52, '2019'),
(1207, 30, 1, 53, '2019'),
(1208, 30, 1, 54, '2019'),
(1209, 30, 1, 55, '2019'),
(1210, 30, 1, 56, '2019'),
(1211, 30, 1, 57, '2019'),
(1212, 30, 1, 58, '2019'),
(1213, 30, 1, 59, '2019'),
(1214, 30, 3, 56, '2019'),
(1215, 30, 5, 56, '2019'),
(1216, 30, 7, 52, '2019'),
(1217, 30, 7, 53, '2019'),
(1218, 30, 7, 54, '2019'),
(1219, 30, 7, 55, '2019'),
(1220, 30, 7, 56, '2019'),
(1221, 30, 7, 57, '2019'),
(1222, 30, 7, 58, '2019'),
(1223, 30, 7, 59, '2019'),
(1224, 30, 9, 56, '2019'),
(1225, 30, 11, 56, '2019'),
(1226, 31, 1, 52, '2019'),
(1227, 31, 1, 53, '2019'),
(1228, 31, 1, 54, '2019'),
(1229, 31, 1, 55, '2019'),
(1230, 31, 1, 56, '2019'),
(1231, 31, 1, 57, '2019'),
(1232, 31, 1, 58, '2019'),
(1233, 31, 1, 59, '2019'),
(1234, 31, 3, 56, '2019'),
(1235, 31, 5, 56, '2019'),
(1236, 31, 7, 52, '2019'),
(1237, 31, 7, 53, '2019'),
(1238, 31, 7, 54, '2019'),
(1239, 31, 7, 55, '2019'),
(1240, 31, 7, 56, '2019'),
(1241, 31, 7, 57, '2019'),
(1242, 31, 7, 58, '2019'),
(1243, 31, 7, 59, '2019'),
(1244, 31, 9, 56, '2019'),
(1245, 31, 11, 56, '2019'),
(1246, 32, 1, 52, '2019'),
(1247, 32, 1, 53, '2019'),
(1248, 32, 1, 54, '2019'),
(1249, 32, 1, 55, '2019'),
(1250, 32, 1, 56, '2019'),
(1251, 32, 1, 57, '2019'),
(1252, 32, 1, 58, '2019'),
(1253, 32, 1, 59, '2019'),
(1254, 32, 3, 56, '2019'),
(1255, 32, 5, 56, '2019'),
(1256, 32, 7, 52, '2019'),
(1257, 32, 7, 53, '2019'),
(1258, 32, 7, 54, '2019'),
(1259, 32, 7, 55, '2019'),
(1260, 32, 7, 56, '2019'),
(1261, 32, 7, 57, '2019'),
(1262, 32, 7, 58, '2019'),
(1263, 32, 7, 59, '2019'),
(1264, 32, 9, 56, '2019'),
(1265, 32, 11, 56, '2019'),
(1266, 33, 1, 52, '2019'),
(1267, 33, 1, 53, '2019'),
(1268, 33, 1, 54, '2019'),
(1269, 33, 1, 55, '2019'),
(1270, 33, 1, 56, '2019'),
(1271, 33, 1, 57, '2019'),
(1272, 33, 1, 58, '2019'),
(1273, 33, 1, 59, '2019'),
(1274, 33, 3, 56, '2019'),
(1275, 33, 5, 56, '2019'),
(1276, 33, 7, 52, '2019'),
(1277, 33, 7, 53, '2019'),
(1278, 33, 7, 54, '2019'),
(1279, 33, 7, 55, '2019'),
(1280, 33, 7, 56, '2019'),
(1281, 33, 7, 57, '2019'),
(1282, 33, 7, 58, '2019'),
(1283, 33, 7, 59, '2019'),
(1284, 33, 9, 56, '2019'),
(1285, 33, 11, 56, '2019'),
(1286, 34, 1, 52, '2019'),
(1287, 34, 1, 53, '2019'),
(1288, 34, 1, 54, '2019'),
(1289, 34, 1, 55, '2019'),
(1290, 34, 1, 56, '2019'),
(1291, 34, 1, 57, '2019'),
(1292, 34, 1, 58, '2019'),
(1293, 34, 1, 59, '2019'),
(1294, 34, 3, 56, '2019'),
(1295, 34, 5, 56, '2019'),
(1296, 34, 7, 52, '2019'),
(1297, 34, 7, 53, '2019'),
(1298, 34, 7, 54, '2019'),
(1299, 34, 7, 55, '2019'),
(1300, 34, 7, 56, '2019'),
(1301, 34, 7, 57, '2019'),
(1302, 34, 7, 58, '2019'),
(1303, 34, 7, 59, '2019'),
(1304, 34, 9, 56, '2019'),
(1305, 34, 11, 56, '2019'),
(1306, 35, 1, 52, '2019'),
(1307, 35, 1, 53, '2019'),
(1308, 35, 1, 54, '2019'),
(1309, 35, 1, 55, '2019'),
(1310, 35, 1, 56, '2019'),
(1311, 35, 1, 57, '2019'),
(1312, 35, 1, 58, '2019'),
(1313, 35, 1, 59, '2019'),
(1314, 35, 3, 56, '2019'),
(1315, 35, 5, 56, '2019'),
(1316, 35, 7, 52, '2019'),
(1317, 35, 7, 53, '2019'),
(1318, 35, 7, 54, '2019'),
(1319, 35, 7, 55, '2019'),
(1320, 35, 7, 56, '2019'),
(1321, 35, 7, 57, '2019'),
(1322, 35, 7, 58, '2019'),
(1323, 35, 7, 59, '2019'),
(1324, 35, 9, 56, '2019'),
(1325, 35, 11, 56, '2019'),
(1326, 36, 1, 52, '2019'),
(1327, 36, 1, 53, '2019'),
(1328, 36, 1, 54, '2019'),
(1329, 36, 1, 55, '2019'),
(1330, 36, 1, 56, '2019'),
(1331, 36, 1, 57, '2019'),
(1332, 36, 1, 58, '2019'),
(1333, 36, 1, 59, '2019'),
(1334, 36, 3, 56, '2019'),
(1335, 36, 5, 56, '2019'),
(1336, 36, 7, 52, '2019'),
(1337, 36, 7, 53, '2019'),
(1338, 36, 7, 54, '2019'),
(1339, 36, 7, 55, '2019'),
(1340, 36, 7, 56, '2019'),
(1341, 36, 7, 57, '2019'),
(1342, 36, 7, 58, '2019'),
(1343, 36, 7, 59, '2019'),
(1344, 36, 9, 56, '2019'),
(1345, 36, 11, 56, '2019'),
(1346, 37, 1, 52, '2019'),
(1347, 37, 1, 53, '2019'),
(1348, 37, 1, 54, '2019'),
(1349, 37, 1, 55, '2019'),
(1350, 37, 1, 56, '2019'),
(1351, 37, 1, 57, '2019'),
(1352, 37, 1, 58, '2019'),
(1353, 37, 1, 59, '2019'),
(1354, 37, 3, 56, '2019'),
(1355, 37, 5, 56, '2019'),
(1356, 37, 7, 52, '2019'),
(1357, 37, 7, 53, '2019'),
(1358, 37, 7, 54, '2019'),
(1359, 37, 7, 55, '2019'),
(1360, 37, 7, 56, '2019'),
(1361, 37, 7, 57, '2019'),
(1362, 37, 7, 58, '2019'),
(1363, 37, 7, 59, '2019'),
(1364, 37, 9, 56, '2019'),
(1365, 37, 11, 56, '2019'),
(1366, 38, 1, 52, '2019'),
(1367, 38, 1, 53, '2019'),
(1368, 38, 1, 54, '2019'),
(1369, 38, 1, 55, '2019'),
(1370, 38, 1, 56, '2019'),
(1371, 38, 1, 57, '2019'),
(1372, 38, 1, 58, '2019'),
(1373, 38, 1, 59, '2019'),
(1374, 38, 3, 56, '2019'),
(1375, 38, 5, 56, '2019'),
(1376, 38, 7, 52, '2019'),
(1377, 38, 7, 53, '2019'),
(1378, 38, 7, 54, '2019'),
(1379, 38, 7, 55, '2019'),
(1380, 38, 7, 56, '2019'),
(1381, 38, 7, 57, '2019'),
(1382, 38, 7, 58, '2019'),
(1383, 38, 7, 59, '2019'),
(1384, 38, 9, 56, '2019'),
(1385, 38, 11, 56, '2019'),
(1386, 39, 1, 52, '2019'),
(1387, 39, 1, 53, '2019'),
(1388, 39, 1, 54, '2019'),
(1389, 39, 1, 55, '2019'),
(1390, 39, 1, 56, '2019'),
(1391, 39, 1, 57, '2019'),
(1392, 39, 1, 58, '2019'),
(1393, 39, 1, 59, '2019'),
(1394, 39, 3, 56, '2019'),
(1395, 39, 5, 56, '2019'),
(1396, 39, 7, 52, '2019'),
(1397, 39, 7, 53, '2019'),
(1398, 39, 7, 54, '2019'),
(1399, 39, 7, 55, '2019'),
(1400, 39, 7, 56, '2019'),
(1401, 39, 7, 57, '2019'),
(1402, 39, 7, 58, '2019'),
(1403, 39, 7, 59, '2019'),
(1404, 39, 9, 56, '2019'),
(1405, 39, 11, 56, '2019'),
(1406, 40, 1, 52, '2019'),
(1407, 40, 1, 53, '2019'),
(1408, 40, 1, 54, '2019'),
(1409, 40, 1, 55, '2019'),
(1410, 40, 1, 56, '2019'),
(1411, 40, 1, 57, '2019'),
(1412, 40, 1, 58, '2019'),
(1413, 40, 1, 59, '2019'),
(1414, 40, 3, 56, '2019'),
(1415, 40, 5, 56, '2019'),
(1416, 40, 7, 52, '2019'),
(1417, 40, 7, 53, '2019'),
(1418, 40, 7, 54, '2019'),
(1419, 40, 7, 55, '2019'),
(1420, 40, 7, 56, '2019'),
(1421, 40, 7, 57, '2019'),
(1422, 40, 7, 58, '2019'),
(1423, 40, 7, 59, '2019'),
(1424, 40, 9, 56, '2019'),
(1425, 40, 11, 56, '2019'),
(1426, 41, 1, 52, '2019'),
(1427, 41, 1, 53, '2019'),
(1428, 41, 1, 54, '2019'),
(1429, 41, 1, 55, '2019'),
(1430, 41, 1, 56, '2019'),
(1431, 41, 1, 57, '2019'),
(1432, 41, 1, 58, '2019'),
(1433, 41, 1, 59, '2019'),
(1434, 41, 3, 56, '2019'),
(1435, 41, 5, 56, '2019'),
(1436, 41, 7, 52, '2019'),
(1437, 41, 7, 53, '2019'),
(1438, 41, 7, 54, '2019'),
(1439, 41, 7, 55, '2019'),
(1440, 41, 7, 56, '2019'),
(1441, 41, 7, 57, '2019'),
(1442, 41, 7, 58, '2019'),
(1443, 41, 7, 59, '2019'),
(1444, 41, 9, 56, '2019'),
(1445, 41, 11, 56, '2019'),
(1446, 42, 6, 60, '2019'),
(1447, 42, 6, 61, '2019'),
(1448, 42, 6, 62, '2019'),
(1449, 42, 6, 63, '2019'),
(1450, 42, 6, 64, '2019'),
(1451, 42, 6, 65, '2019'),
(1452, 43, 6, 60, '2019'),
(1453, 43, 6, 61, '2019'),
(1454, 43, 6, 62, '2019'),
(1455, 43, 6, 63, '2019'),
(1456, 43, 6, 64, '2019'),
(1457, 43, 6, 65, '2019'),
(1458, 44, 6, 60, '2019'),
(1459, 44, 6, 61, '2019'),
(1460, 44, 6, 62, '2019'),
(1461, 44, 6, 63, '2019'),
(1462, 44, 6, 64, '2019'),
(1463, 44, 6, 65, '2019'),
(1464, 45, 6, 60, '2019'),
(1465, 45, 6, 61, '2019'),
(1466, 45, 6, 62, '2019'),
(1467, 45, 6, 63, '2019'),
(1468, 45, 6, 64, '2019'),
(1469, 45, 6, 65, '2019'),
(1470, 46, 2, 66, '2019'),
(1471, 46, 2, 67, '2019'),
(1472, 46, 2, 68, '2019'),
(1473, 46, 2, 69, '2019'),
(1474, 46, 2, 70, '2019'),
(1475, 46, 2, 72, '2019'),
(1476, 46, 4, 69, '2019'),
(1477, 46, 6, 69, '2019'),
(1478, 46, 6, 71, '2019'),
(1479, 46, 8, 66, '2019'),
(1480, 46, 8, 68, '2019'),
(1481, 46, 8, 69, '2019'),
(1482, 46, 8, 70, '2019'),
(1483, 46, 8, 72, '2019'),
(1484, 46, 10, 69, '2019'),
(1485, 46, 12, 69, '2019'),
(1486, 47, 2, 66, '2019'),
(1487, 47, 2, 67, '2019'),
(1488, 47, 2, 68, '2019'),
(1489, 47, 2, 69, '2019'),
(1490, 47, 2, 70, '2019'),
(1491, 47, 2, 72, '2019'),
(1492, 47, 4, 69, '2019'),
(1493, 47, 6, 69, '2019'),
(1494, 47, 6, 71, '2019'),
(1495, 47, 8, 66, '2019'),
(1496, 47, 8, 68, '2019'),
(1497, 47, 8, 69, '2019'),
(1498, 47, 8, 70, '2019'),
(1499, 47, 8, 72, '2019'),
(1500, 47, 10, 69, '2019'),
(1501, 47, 12, 69, '2019'),
(1502, 48, 2, 66, '2019'),
(1503, 48, 2, 67, '2019'),
(1504, 48, 2, 68, '2019'),
(1505, 48, 2, 69, '2019'),
(1506, 48, 2, 70, '2019'),
(1507, 48, 2, 72, '2019'),
(1508, 48, 4, 69, '2019'),
(1509, 48, 6, 69, '2019'),
(1510, 48, 6, 71, '2019'),
(1511, 48, 8, 66, '2019'),
(1512, 48, 8, 68, '2019'),
(1513, 48, 8, 69, '2019'),
(1514, 48, 8, 70, '2019'),
(1515, 48, 8, 72, '2019'),
(1516, 48, 10, 69, '2019'),
(1517, 48, 12, 69, '2019'),
(1518, 49, 2, 66, '2019'),
(1519, 49, 2, 67, '2019'),
(1520, 49, 2, 68, '2019'),
(1521, 49, 2, 69, '2019'),
(1522, 49, 2, 70, '2019'),
(1523, 49, 2, 72, '2019'),
(1524, 49, 4, 69, '2019'),
(1525, 49, 6, 69, '2019'),
(1526, 49, 6, 71, '2019'),
(1527, 49, 8, 66, '2019'),
(1528, 49, 8, 68, '2019'),
(1529, 49, 8, 69, '2019'),
(1530, 49, 8, 70, '2019'),
(1531, 49, 8, 72, '2019'),
(1532, 49, 10, 69, '2019'),
(1533, 49, 12, 69, '2019'),
(1534, 50, 2, 66, '2019'),
(1535, 50, 2, 67, '2019'),
(1536, 50, 2, 68, '2019'),
(1537, 50, 2, 69, '2019'),
(1538, 50, 2, 70, '2019'),
(1539, 50, 2, 72, '2019'),
(1540, 50, 4, 69, '2019'),
(1541, 50, 6, 69, '2019'),
(1542, 50, 6, 71, '2019'),
(1543, 50, 8, 66, '2019'),
(1544, 50, 8, 68, '2019'),
(1545, 50, 8, 69, '2019'),
(1546, 50, 8, 70, '2019'),
(1547, 50, 8, 72, '2019'),
(1548, 50, 10, 69, '2019'),
(1549, 50, 12, 69, '2019'),
(1550, 51, 2, 66, '2019'),
(1551, 51, 2, 67, '2019'),
(1552, 51, 2, 68, '2019'),
(1553, 51, 2, 69, '2019'),
(1554, 51, 2, 70, '2019'),
(1555, 51, 2, 72, '2019'),
(1556, 51, 4, 69, '2019'),
(1557, 51, 6, 69, '2019'),
(1558, 51, 6, 71, '2019'),
(1559, 51, 8, 66, '2019'),
(1560, 51, 8, 68, '2019'),
(1561, 51, 8, 69, '2019'),
(1562, 51, 8, 70, '2019'),
(1563, 51, 8, 72, '2019'),
(1564, 51, 10, 69, '2019'),
(1565, 51, 12, 69, '2019'),
(1566, 52, 2, 66, '2019'),
(1567, 52, 2, 67, '2019'),
(1568, 52, 2, 68, '2019'),
(1569, 52, 2, 69, '2019'),
(1570, 52, 2, 70, '2019'),
(1571, 52, 2, 72, '2019'),
(1572, 52, 4, 69, '2019'),
(1573, 52, 6, 69, '2019'),
(1574, 52, 6, 71, '2019'),
(1575, 52, 8, 66, '2019'),
(1576, 52, 8, 68, '2019'),
(1577, 52, 8, 69, '2019'),
(1578, 52, 8, 70, '2019'),
(1579, 52, 8, 72, '2019'),
(1580, 52, 10, 69, '2019'),
(1581, 52, 12, 69, '2019'),
(1582, 53, 2, 66, '2019'),
(1583, 53, 2, 67, '2019'),
(1584, 53, 2, 68, '2019'),
(1585, 53, 2, 69, '2019'),
(1586, 53, 2, 70, '2019'),
(1587, 53, 2, 72, '2019'),
(1588, 53, 4, 69, '2019'),
(1589, 53, 6, 69, '2019'),
(1590, 53, 6, 71, '2019'),
(1591, 53, 8, 66, '2019'),
(1592, 53, 8, 68, '2019'),
(1593, 53, 8, 69, '2019'),
(1594, 53, 8, 70, '2019'),
(1595, 53, 8, 72, '2019'),
(1596, 53, 10, 69, '2019'),
(1597, 53, 12, 69, '2019'),
(1598, 54, 2, 66, '2019'),
(1599, 54, 2, 67, '2019'),
(1600, 54, 2, 68, '2019'),
(1601, 54, 2, 69, '2019'),
(1602, 54, 2, 70, '2019'),
(1603, 54, 2, 72, '2019'),
(1604, 54, 4, 69, '2019'),
(1605, 54, 6, 69, '2019'),
(1606, 54, 6, 71, '2019'),
(1607, 54, 8, 66, '2019'),
(1608, 54, 8, 68, '2019'),
(1609, 54, 8, 69, '2019'),
(1610, 54, 8, 70, '2019'),
(1611, 54, 8, 72, '2019'),
(1612, 54, 10, 69, '2019'),
(1613, 54, 12, 69, '2019'),
(1614, 55, 2, 66, '2019'),
(1615, 55, 2, 67, '2019'),
(1616, 55, 2, 68, '2019'),
(1617, 55, 2, 69, '2019'),
(1618, 55, 2, 70, '2019'),
(1619, 55, 2, 72, '2019'),
(1620, 55, 4, 69, '2019'),
(1621, 55, 6, 69, '2019'),
(1622, 55, 6, 71, '2019'),
(1623, 55, 8, 66, '2019'),
(1624, 55, 8, 68, '2019'),
(1625, 55, 8, 69, '2019'),
(1626, 55, 8, 70, '2019'),
(1627, 55, 8, 72, '2019'),
(1628, 55, 10, 69, '2019'),
(1629, 55, 12, 69, '2019'),
(1630, 56, 2, 66, '2019'),
(1631, 56, 2, 67, '2019'),
(1632, 56, 2, 68, '2019'),
(1633, 56, 2, 69, '2019'),
(1634, 56, 2, 70, '2019'),
(1635, 56, 2, 72, '2019'),
(1636, 56, 4, 69, '2019'),
(1637, 56, 6, 69, '2019'),
(1638, 56, 6, 71, '2019'),
(1639, 56, 8, 66, '2019'),
(1640, 56, 8, 68, '2019'),
(1641, 56, 8, 69, '2019'),
(1642, 56, 8, 70, '2019'),
(1643, 56, 8, 72, '2019'),
(1644, 56, 10, 69, '2019'),
(1645, 56, 12, 69, '2019'),
(1646, 57, 2, 66, '2019'),
(1647, 57, 2, 67, '2019'),
(1648, 57, 2, 68, '2019'),
(1649, 57, 2, 69, '2019'),
(1650, 57, 2, 70, '2019'),
(1651, 57, 2, 72, '2019'),
(1652, 57, 4, 69, '2019'),
(1653, 57, 6, 69, '2019'),
(1654, 57, 6, 71, '2019'),
(1655, 57, 8, 66, '2019'),
(1656, 57, 8, 68, '2019'),
(1657, 57, 8, 69, '2019'),
(1658, 57, 8, 70, '2019'),
(1659, 57, 8, 72, '2019'),
(1660, 57, 10, 69, '2019'),
(1661, 57, 12, 69, '2019'),
(1662, 58, 2, 66, '2019'),
(1663, 58, 2, 67, '2019'),
(1664, 58, 2, 68, '2019'),
(1665, 58, 2, 69, '2019'),
(1666, 58, 2, 70, '2019'),
(1667, 58, 2, 72, '2019'),
(1668, 58, 4, 69, '2019'),
(1669, 58, 6, 69, '2019'),
(1670, 58, 6, 71, '2019'),
(1671, 58, 8, 66, '2019'),
(1672, 58, 8, 68, '2019'),
(1673, 58, 8, 69, '2019'),
(1674, 58, 8, 70, '2019'),
(1675, 58, 8, 72, '2019'),
(1676, 58, 10, 69, '2019'),
(1677, 58, 12, 69, '2019'),
(1678, 59, 2, 66, '2019'),
(1679, 59, 2, 67, '2019'),
(1680, 59, 2, 68, '2019'),
(1681, 59, 2, 69, '2019'),
(1682, 59, 2, 70, '2019'),
(1683, 59, 2, 72, '2019'),
(1684, 59, 4, 69, '2019'),
(1685, 59, 6, 69, '2019'),
(1686, 59, 6, 71, '2019'),
(1687, 59, 8, 66, '2019'),
(1688, 59, 8, 68, '2019'),
(1689, 59, 8, 69, '2019'),
(1690, 59, 8, 70, '2019'),
(1691, 59, 8, 72, '2019'),
(1692, 59, 10, 69, '2019'),
(1693, 59, 12, 69, '2019'),
(1694, 60, 2, 66, '2019'),
(1695, 60, 2, 67, '2019'),
(1696, 60, 2, 68, '2019'),
(1697, 60, 2, 69, '2019'),
(1698, 60, 2, 70, '2019'),
(1699, 60, 2, 72, '2019'),
(1700, 60, 4, 69, '2019'),
(1701, 60, 6, 69, '2019'),
(1702, 60, 6, 71, '2019'),
(1703, 60, 8, 66, '2019'),
(1704, 60, 8, 68, '2019'),
(1705, 60, 8, 69, '2019'),
(1706, 60, 8, 70, '2019'),
(1707, 60, 8, 72, '2019'),
(1708, 60, 10, 69, '2019'),
(1709, 60, 12, 69, '2019'),
(1710, 61, 2, 66, '2019'),
(1711, 61, 2, 67, '2019'),
(1712, 61, 2, 68, '2019'),
(1713, 61, 2, 69, '2019'),
(1714, 61, 2, 70, '2019'),
(1715, 61, 2, 72, '2019'),
(1716, 61, 4, 69, '2019'),
(1717, 61, 6, 69, '2019'),
(1718, 61, 6, 71, '2019'),
(1719, 61, 8, 66, '2019'),
(1720, 61, 8, 68, '2019'),
(1721, 61, 8, 69, '2019'),
(1722, 61, 8, 70, '2019'),
(1723, 61, 8, 72, '2019'),
(1724, 61, 10, 69, '2019'),
(1725, 61, 12, 69, '2019'),
(1726, 62, 2, 66, '2019'),
(1727, 62, 2, 67, '2019'),
(1728, 62, 2, 68, '2019'),
(1729, 62, 2, 69, '2019'),
(1730, 62, 2, 70, '2019'),
(1731, 62, 2, 72, '2019'),
(1732, 62, 4, 69, '2019'),
(1733, 62, 6, 69, '2019'),
(1734, 62, 6, 71, '2019'),
(1735, 62, 8, 66, '2019'),
(1736, 62, 8, 68, '2019'),
(1737, 62, 8, 69, '2019'),
(1738, 62, 8, 70, '2019'),
(1739, 62, 8, 72, '2019'),
(1740, 62, 10, 69, '2019'),
(1741, 62, 12, 69, '2019'),
(1742, 63, 2, 66, '2019'),
(1743, 63, 2, 67, '2019'),
(1744, 63, 2, 68, '2019'),
(1745, 63, 2, 69, '2019'),
(1746, 63, 2, 70, '2019'),
(1747, 63, 2, 72, '2019'),
(1748, 63, 4, 69, '2019'),
(1749, 63, 6, 69, '2019'),
(1750, 63, 6, 71, '2019'),
(1751, 63, 8, 66, '2019'),
(1752, 63, 8, 68, '2019'),
(1753, 63, 8, 69, '2019'),
(1754, 63, 8, 70, '2019'),
(1755, 63, 8, 72, '2019'),
(1756, 63, 10, 69, '2019'),
(1757, 63, 12, 69, '2019'),
(1758, 64, 2, 66, '2019'),
(1759, 64, 2, 67, '2019'),
(1760, 64, 2, 68, '2019'),
(1761, 64, 2, 69, '2019'),
(1762, 64, 2, 70, '2019'),
(1763, 64, 2, 72, '2019'),
(1764, 64, 4, 69, '2019'),
(1765, 64, 6, 69, '2019'),
(1766, 64, 6, 71, '2019'),
(1767, 64, 8, 66, '2019'),
(1768, 64, 8, 68, '2019'),
(1769, 64, 8, 69, '2019'),
(1770, 64, 8, 70, '2019'),
(1771, 64, 8, 72, '2019'),
(1772, 64, 10, 69, '2019'),
(1773, 64, 12, 69, '2019'),
(1774, 65, 2, 66, '2019'),
(1775, 65, 2, 67, '2019'),
(1776, 65, 2, 68, '2019'),
(1777, 65, 2, 69, '2019'),
(1778, 65, 2, 70, '2019'),
(1779, 65, 2, 72, '2019'),
(1780, 65, 4, 69, '2019'),
(1781, 65, 6, 69, '2019'),
(1782, 65, 6, 71, '2019'),
(1783, 65, 8, 66, '2019'),
(1784, 65, 8, 68, '2019'),
(1785, 65, 8, 69, '2019'),
(1786, 65, 8, 70, '2019'),
(1787, 65, 8, 72, '2019'),
(1788, 65, 10, 69, '2019'),
(1789, 65, 12, 69, '2019'),
(1790, 66, 2, 66, '2019'),
(1791, 66, 2, 67, '2019'),
(1792, 66, 2, 68, '2019'),
(1793, 66, 2, 69, '2019'),
(1794, 66, 2, 70, '2019'),
(1795, 66, 2, 72, '2019'),
(1796, 66, 4, 69, '2019'),
(1797, 66, 6, 69, '2019'),
(1798, 66, 6, 71, '2019'),
(1799, 66, 8, 66, '2019'),
(1800, 66, 8, 68, '2019'),
(1801, 66, 8, 69, '2019'),
(1802, 66, 8, 70, '2019'),
(1803, 66, 8, 72, '2019'),
(1804, 66, 10, 69, '2019'),
(1805, 66, 12, 69, '2019'),
(1806, 67, 2, 75, '2019'),
(1807, 67, 2, 77, '2019'),
(1808, 67, 4, 73, '2019'),
(1809, 67, 4, 74, '2019'),
(1810, 67, 4, 75, '2019'),
(1811, 67, 4, 76, '2019'),
(1812, 67, 4, 77, '2019'),
(1813, 67, 6, 75, '2019'),
(1814, 67, 6, 77, '2019'),
(1815, 67, 8, 73, '2019'),
(1816, 67, 8, 74, '2019'),
(1817, 67, 8, 75, '2019'),
(1818, 67, 8, 76, '2019'),
(1819, 67, 8, 77, '2019'),
(1820, 67, 10, 75, '2019'),
(1821, 67, 10, 77, '2019'),
(1822, 67, 12, 73, '2019'),
(1823, 67, 12, 74, '2019'),
(1824, 67, 12, 75, '2019'),
(1825, 67, 12, 76, '2019'),
(1826, 67, 12, 77, '2019'),
(1827, 68, 2, 75, '2019'),
(1828, 68, 2, 77, '2019'),
(1829, 68, 4, 73, '2019'),
(1830, 68, 4, 74, '2019'),
(1831, 68, 4, 75, '2019'),
(1832, 68, 4, 76, '2019'),
(1833, 68, 4, 77, '2019'),
(1834, 68, 6, 75, '2019'),
(1835, 68, 6, 77, '2019'),
(1836, 68, 8, 73, '2019'),
(1837, 68, 8, 74, '2019'),
(1838, 68, 8, 75, '2019'),
(1839, 68, 8, 76, '2019'),
(1840, 68, 8, 77, '2019'),
(1841, 68, 10, 75, '2019'),
(1842, 68, 10, 77, '2019'),
(1843, 68, 12, 73, '2019'),
(1844, 68, 12, 74, '2019'),
(1845, 68, 12, 75, '2019'),
(1846, 68, 12, 76, '2019'),
(1847, 68, 12, 77, '2019'),
(1848, 69, 2, 75, '2019'),
(1849, 69, 2, 77, '2019'),
(1850, 69, 4, 73, '2019'),
(1851, 69, 4, 74, '2019'),
(1852, 69, 4, 75, '2019'),
(1853, 69, 4, 76, '2019'),
(1854, 69, 4, 77, '2019'),
(1855, 69, 6, 75, '2019'),
(1856, 69, 6, 77, '2019'),
(1857, 69, 8, 73, '2019'),
(1858, 69, 8, 74, '2019'),
(1859, 69, 8, 75, '2019'),
(1860, 69, 8, 76, '2019'),
(1861, 69, 8, 77, '2019'),
(1862, 69, 10, 75, '2019'),
(1863, 69, 10, 77, '2019'),
(1864, 69, 12, 73, '2019'),
(1865, 69, 12, 74, '2019'),
(1866, 69, 12, 75, '2019'),
(1867, 69, 12, 76, '2019'),
(1868, 69, 12, 77, '2019'),
(1869, 70, 2, 75, '2019'),
(1870, 70, 2, 77, '2019'),
(1871, 70, 4, 73, '2019'),
(1872, 70, 4, 74, '2019'),
(1873, 70, 4, 75, '2019'),
(1874, 70, 4, 76, '2019'),
(1875, 70, 4, 77, '2019'),
(1876, 70, 6, 75, '2019'),
(1877, 70, 6, 77, '2019'),
(1878, 70, 8, 73, '2019'),
(1879, 70, 8, 74, '2019'),
(1880, 70, 8, 75, '2019'),
(1881, 70, 8, 76, '2019'),
(1882, 70, 8, 77, '2019'),
(1883, 70, 10, 75, '2019'),
(1884, 70, 10, 77, '2019'),
(1885, 70, 12, 73, '2019'),
(1886, 70, 12, 74, '2019'),
(1887, 70, 12, 75, '2019'),
(1888, 70, 12, 76, '2019'),
(1889, 70, 12, 77, '2019'),
(1890, 71, 1, 80, '2019'),
(1891, 71, 1, 82, '2019'),
(1892, 71, 3, 79, '2019'),
(1893, 71, 3, 80, '2019'),
(1894, 71, 3, 82, '2019'),
(1895, 71, 5, 78, '2019'),
(1896, 71, 5, 79, '2019'),
(1897, 71, 5, 81, '2019'),
(1898, 71, 7, 80, '2019'),
(1899, 71, 7, 82, '2019'),
(1900, 71, 9, 79, '2019'),
(1901, 71, 9, 80, '2019'),
(1902, 71, 9, 82, '2019'),
(1903, 71, 11, 79, '2019'),
(1904, 71, 11, 80, '2019'),
(1905, 71, 11, 81, '2019'),
(1906, 71, 11, 82, '2019'),
(1907, 72, 1, 80, '2019'),
(1908, 72, 1, 82, '2019'),
(1909, 72, 3, 79, '2019'),
(1910, 72, 3, 80, '2019'),
(1911, 72, 3, 82, '2019'),
(1912, 72, 5, 78, '2019'),
(1913, 72, 5, 79, '2019'),
(1914, 72, 5, 81, '2019'),
(1915, 72, 7, 80, '2019'),
(1916, 72, 7, 82, '2019'),
(1917, 72, 9, 79, '2019'),
(1918, 72, 9, 80, '2019'),
(1919, 72, 9, 82, '2019'),
(1920, 72, 11, 79, '2019'),
(1921, 72, 11, 80, '2019'),
(1922, 72, 11, 81, '2019'),
(1923, 72, 11, 82, '2019'),
(1924, 73, 1, 80, '2019'),
(1925, 73, 1, 82, '2019'),
(1926, 73, 3, 79, '2019'),
(1927, 73, 3, 80, '2019'),
(1928, 73, 3, 82, '2019'),
(1929, 73, 5, 78, '2019'),
(1930, 73, 5, 79, '2019'),
(1931, 73, 5, 81, '2019'),
(1932, 73, 7, 80, '2019'),
(1933, 73, 7, 82, '2019'),
(1934, 73, 9, 79, '2019'),
(1935, 73, 9, 80, '2019'),
(1936, 73, 9, 82, '2019'),
(1937, 73, 11, 79, '2019'),
(1938, 73, 11, 80, '2019'),
(1939, 73, 11, 81, '2019'),
(1940, 73, 11, 82, '2019'),
(1941, 74, 2, 85, '2019'),
(1942, 74, 3, 88, '2019'),
(1943, 74, 4, 85, '2019'),
(1944, 74, 5, 88, '2019'),
(1945, 74, 6, 83, '2019'),
(1946, 74, 6, 84, '2019'),
(1947, 74, 6, 85, '2019'),
(1948, 74, 6, 86, '2019'),
(1949, 74, 7, 88, '2019'),
(1950, 74, 8, 85, '2019'),
(1951, 74, 9, 88, '2019'),
(1952, 74, 10, 85, '2019'),
(1953, 74, 11, 88, '2019'),
(1954, 74, 12, 83, '2019'),
(1955, 74, 12, 84, '2019'),
(1956, 74, 12, 85, '2019'),
(1957, 74, 12, 86, '2019'),
(1958, 74, 12, 87, '2019'),
(1959, 74, 12, 88, '2019'),
(1960, 75, 2, 85, '2019'),
(1961, 75, 3, 88, '2019'),
(1962, 75, 4, 85, '2019'),
(1963, 75, 5, 88, '2019'),
(1964, 75, 6, 83, '2019'),
(1965, 75, 6, 84, '2019'),
(1966, 75, 6, 85, '2019'),
(1967, 75, 6, 86, '2019'),
(1968, 75, 7, 88, '2019'),
(1969, 75, 8, 85, '2019'),
(1970, 75, 9, 88, '2019'),
(1971, 75, 10, 85, '2019'),
(1972, 75, 11, 88, '2019'),
(1973, 75, 12, 83, '2019'),
(1974, 75, 12, 84, '2019'),
(1975, 75, 12, 85, '2019'),
(1976, 75, 12, 86, '2019'),
(1977, 75, 12, 87, '2019'),
(1978, 75, 12, 88, '2019'),
(1979, 76, 2, 85, '2019'),
(1980, 76, 3, 88, '2019'),
(1981, 76, 4, 85, '2019'),
(1982, 76, 5, 88, '2019'),
(1983, 76, 6, 83, '2019'),
(1984, 76, 6, 84, '2019'),
(1985, 76, 6, 85, '2019'),
(1986, 76, 6, 86, '2019'),
(1987, 76, 7, 88, '2019'),
(1988, 76, 8, 85, '2019'),
(1989, 76, 9, 88, '2019'),
(1990, 76, 10, 85, '2019'),
(1991, 76, 11, 88, '2019'),
(1992, 76, 12, 83, '2019'),
(1993, 76, 12, 84, '2019'),
(1994, 76, 12, 85, '2019'),
(1995, 76, 12, 86, '2019'),
(1996, 76, 12, 87, '2019'),
(1997, 76, 12, 88, '2019'),
(1998, 77, 2, 85, '2019'),
(1999, 77, 3, 88, '2019'),
(2000, 77, 4, 85, '2019'),
(2001, 77, 5, 88, '2019'),
(2002, 77, 6, 83, '2019'),
(2003, 77, 6, 84, '2019'),
(2004, 77, 6, 85, '2019'),
(2005, 77, 6, 86, '2019'),
(2006, 77, 7, 88, '2019'),
(2007, 77, 8, 85, '2019'),
(2008, 77, 9, 88, '2019'),
(2009, 77, 10, 85, '2019'),
(2010, 77, 11, 88, '2019'),
(2011, 77, 12, 83, '2019'),
(2012, 77, 12, 84, '2019'),
(2013, 77, 12, 85, '2019'),
(2014, 77, 12, 86, '2019'),
(2015, 77, 12, 87, '2019'),
(2016, 77, 12, 88, '2019'),
(2017, 78, 2, 85, '2019'),
(2018, 78, 3, 88, '2019'),
(2019, 78, 4, 85, '2019'),
(2020, 78, 5, 88, '2019'),
(2021, 78, 6, 83, '2019'),
(2022, 78, 6, 84, '2019'),
(2023, 78, 6, 85, '2019'),
(2024, 78, 6, 86, '2019'),
(2025, 78, 7, 88, '2019'),
(2026, 78, 8, 85, '2019'),
(2027, 78, 9, 88, '2019'),
(2028, 78, 10, 85, '2019'),
(2029, 78, 11, 88, '2019'),
(2030, 78, 12, 83, '2019'),
(2031, 78, 12, 84, '2019'),
(2032, 78, 12, 85, '2019'),
(2033, 78, 12, 86, '2019'),
(2034, 78, 12, 87, '2019'),
(2035, 78, 12, 88, '2019'),
(2036, 79, 2, 85, '2019'),
(2037, 79, 3, 88, '2019'),
(2038, 79, 4, 85, '2019'),
(2039, 79, 5, 88, '2019'),
(2040, 79, 6, 83, '2019'),
(2041, 79, 6, 84, '2019'),
(2042, 79, 6, 85, '2019'),
(2043, 79, 6, 86, '2019'),
(2044, 79, 7, 88, '2019'),
(2045, 79, 8, 85, '2019'),
(2046, 79, 9, 88, '2019'),
(2047, 79, 10, 85, '2019'),
(2048, 79, 11, 88, '2019'),
(2049, 79, 12, 83, '2019'),
(2050, 79, 12, 84, '2019'),
(2051, 79, 12, 85, '2019'),
(2052, 79, 12, 86, '2019'),
(2053, 79, 12, 87, '2019'),
(2054, 79, 12, 88, '2019'),
(2055, 80, 1, 89, '2019'),
(2056, 80, 1, 90, '2019'),
(2057, 80, 1, 94, '2019'),
(2058, 80, 2, 94, '2019'),
(2059, 80, 3, 92, '2019'),
(2060, 80, 3, 94, '2019'),
(2061, 80, 4, 89, '2019'),
(2062, 80, 4, 90, '2019'),
(2063, 80, 4, 94, '2019'),
(2064, 80, 5, 92, '2019'),
(2065, 80, 5, 94, '2019'),
(2066, 80, 6, 94, '2019'),
(2067, 80, 7, 89, '2019'),
(2068, 80, 7, 90, '2019'),
(2069, 80, 7, 94, '2019'),
(2070, 80, 8, 92, '2019'),
(2071, 80, 8, 94, '2019'),
(2072, 80, 9, 94, '2019'),
(2073, 80, 10, 92, '2019');
INSERT INTO `agenda_procesos` (`id`, `equipo_id`, `mes_id`, `proceso_id`, `age`) VALUES
(2074, 80, 10, 94, '2019'),
(2075, 80, 11, 89, '2019'),
(2076, 80, 11, 90, '2019'),
(2077, 80, 11, 94, '2019'),
(2078, 80, 12, 94, '2019'),
(2079, 81, 1, 89, '2019'),
(2080, 81, 1, 90, '2019'),
(2081, 81, 1, 94, '2019'),
(2082, 81, 2, 94, '2019'),
(2083, 81, 3, 92, '2019'),
(2084, 81, 3, 94, '2019'),
(2085, 81, 4, 89, '2019'),
(2086, 81, 4, 90, '2019'),
(2087, 81, 4, 94, '2019'),
(2088, 81, 5, 92, '2019'),
(2089, 81, 5, 94, '2019'),
(2090, 81, 6, 94, '2019'),
(2091, 81, 7, 89, '2019'),
(2092, 81, 7, 90, '2019'),
(2093, 81, 7, 94, '2019'),
(2094, 81, 8, 92, '2019'),
(2095, 81, 8, 94, '2019'),
(2096, 81, 9, 94, '2019'),
(2097, 81, 10, 92, '2019'),
(2098, 81, 10, 94, '2019'),
(2099, 81, 11, 89, '2019'),
(2100, 81, 11, 90, '2019'),
(2101, 81, 11, 94, '2019'),
(2102, 81, 12, 94, '2019'),
(2103, 82, 1, 89, '2019'),
(2104, 82, 1, 90, '2019'),
(2105, 82, 1, 94, '2019'),
(2106, 82, 2, 94, '2019'),
(2107, 82, 3, 92, '2019'),
(2108, 82, 3, 94, '2019'),
(2109, 82, 4, 89, '2019'),
(2110, 82, 4, 90, '2019'),
(2111, 82, 4, 94, '2019'),
(2112, 82, 5, 92, '2019'),
(2113, 82, 5, 94, '2019'),
(2114, 82, 6, 94, '2019'),
(2115, 82, 7, 89, '2019'),
(2116, 82, 7, 90, '2019'),
(2117, 82, 7, 94, '2019'),
(2118, 82, 8, 92, '2019'),
(2119, 82, 8, 94, '2019'),
(2120, 82, 9, 94, '2019'),
(2121, 82, 10, 92, '2019'),
(2122, 82, 10, 94, '2019'),
(2123, 82, 11, 89, '2019'),
(2124, 82, 11, 90, '2019'),
(2125, 82, 11, 94, '2019'),
(2126, 82, 12, 94, '2019'),
(2127, 83, 1, 89, '2019'),
(2128, 83, 1, 90, '2019'),
(2129, 83, 1, 94, '2019'),
(2130, 83, 2, 94, '2019'),
(2131, 83, 3, 92, '2019'),
(2132, 83, 3, 94, '2019'),
(2133, 83, 4, 89, '2019'),
(2134, 83, 4, 90, '2019'),
(2135, 83, 4, 94, '2019'),
(2136, 83, 5, 92, '2019'),
(2137, 83, 5, 94, '2019'),
(2138, 83, 6, 94, '2019'),
(2139, 83, 7, 89, '2019'),
(2140, 83, 7, 90, '2019'),
(2141, 83, 7, 94, '2019'),
(2142, 83, 8, 92, '2019'),
(2143, 83, 8, 94, '2019'),
(2144, 83, 9, 94, '2019'),
(2145, 83, 10, 92, '2019'),
(2146, 83, 10, 94, '2019'),
(2147, 83, 11, 89, '2019'),
(2148, 83, 11, 90, '2019'),
(2149, 83, 11, 94, '2019'),
(2150, 83, 12, 94, '2019'),
(2151, 84, 1, 89, '2019'),
(2152, 84, 1, 90, '2019'),
(2153, 84, 1, 94, '2019'),
(2154, 84, 2, 94, '2019'),
(2155, 84, 3, 92, '2019'),
(2156, 84, 3, 94, '2019'),
(2157, 84, 4, 89, '2019'),
(2158, 84, 4, 90, '2019'),
(2159, 84, 4, 94, '2019'),
(2160, 84, 5, 92, '2019'),
(2161, 84, 5, 94, '2019'),
(2162, 84, 6, 94, '2019'),
(2163, 84, 7, 89, '2019'),
(2164, 84, 7, 90, '2019'),
(2165, 84, 7, 94, '2019'),
(2166, 84, 8, 92, '2019'),
(2167, 84, 8, 94, '2019'),
(2168, 84, 9, 94, '2019'),
(2169, 84, 10, 92, '2019'),
(2170, 84, 10, 94, '2019'),
(2171, 84, 11, 89, '2019'),
(2172, 84, 11, 90, '2019'),
(2173, 84, 11, 94, '2019'),
(2174, 84, 12, 94, '2019'),
(2175, 85, 1, 89, '2019'),
(2176, 85, 1, 90, '2019'),
(2177, 85, 1, 94, '2019'),
(2178, 85, 2, 94, '2019'),
(2179, 85, 3, 92, '2019'),
(2180, 85, 3, 94, '2019'),
(2181, 85, 4, 89, '2019'),
(2182, 85, 4, 90, '2019'),
(2183, 85, 4, 94, '2019'),
(2184, 85, 5, 92, '2019'),
(2185, 85, 5, 94, '2019'),
(2186, 85, 6, 94, '2019'),
(2187, 85, 7, 89, '2019'),
(2188, 85, 7, 90, '2019'),
(2189, 85, 7, 94, '2019'),
(2190, 85, 8, 92, '2019'),
(2191, 85, 8, 94, '2019'),
(2192, 85, 9, 94, '2019'),
(2193, 85, 10, 92, '2019'),
(2194, 85, 10, 94, '2019'),
(2195, 85, 11, 89, '2019'),
(2196, 85, 11, 90, '2019'),
(2197, 85, 11, 94, '2019'),
(2198, 85, 12, 94, '2019'),
(2199, 86, 6, 96, '2019'),
(2200, 86, 6, 97, '2019'),
(2201, 86, 6, 98, '2019'),
(2202, 86, 6, 99, '2019'),
(2203, 86, 6, 100, '2019'),
(2204, 86, 6, 101, '2019'),
(2205, 87, 6, 96, '2019'),
(2206, 87, 6, 97, '2019'),
(2207, 87, 6, 98, '2019'),
(2208, 87, 6, 99, '2019'),
(2209, 87, 6, 100, '2019'),
(2210, 87, 6, 101, '2019'),
(2211, 88, 6, 96, '2019'),
(2212, 88, 6, 97, '2019'),
(2213, 88, 6, 98, '2019'),
(2214, 88, 6, 99, '2019'),
(2215, 88, 6, 100, '2019'),
(2216, 88, 6, 101, '2019'),
(2217, 89, 6, 96, '2019'),
(2218, 89, 6, 97, '2019'),
(2219, 89, 6, 98, '2019'),
(2220, 89, 6, 99, '2019'),
(2221, 89, 6, 100, '2019'),
(2222, 89, 6, 101, '2019'),
(2223, 90, 1, 102, '2019'),
(2224, 90, 1, 103, '2019'),
(2225, 90, 1, 104, '2019'),
(2226, 90, 1, 105, '2019'),
(2227, 90, 1, 106, '2019'),
(2228, 90, 1, 107, '2019'),
(2229, 90, 1, 108, '2019'),
(2230, 90, 1, 109, '2019'),
(2231, 90, 3, 106, '2019'),
(2232, 90, 5, 106, '2019'),
(2233, 90, 6, 110, '2019'),
(2234, 90, 6, 111, '2019'),
(2235, 90, 6, 112, '2019'),
(2236, 90, 6, 113, '2019'),
(2237, 90, 6, 114, '2019'),
(2238, 90, 6, 115, '2019'),
(2239, 90, 7, 102, '2019'),
(2240, 90, 7, 103, '2019'),
(2241, 90, 7, 104, '2019'),
(2242, 90, 7, 105, '2019'),
(2243, 90, 7, 106, '2019'),
(2244, 90, 7, 107, '2019'),
(2245, 90, 7, 108, '2019'),
(2246, 90, 7, 109, '2019'),
(2247, 90, 9, 106, '2019'),
(2248, 90, 11, 106, '2019'),
(2249, 91, 1, 102, '2019'),
(2250, 91, 1, 103, '2019'),
(2251, 91, 1, 104, '2019'),
(2252, 91, 1, 105, '2019'),
(2253, 91, 1, 106, '2019'),
(2254, 91, 1, 107, '2019'),
(2255, 91, 1, 108, '2019'),
(2256, 91, 1, 109, '2019'),
(2257, 91, 3, 106, '2019'),
(2258, 91, 5, 106, '2019'),
(2259, 91, 6, 110, '2019'),
(2260, 91, 6, 111, '2019'),
(2261, 91, 6, 112, '2019'),
(2262, 91, 6, 113, '2019'),
(2263, 91, 6, 114, '2019'),
(2264, 91, 6, 115, '2019'),
(2265, 91, 7, 102, '2019'),
(2266, 91, 7, 103, '2019'),
(2267, 91, 7, 104, '2019'),
(2268, 91, 7, 105, '2019'),
(2269, 91, 7, 106, '2019'),
(2270, 91, 7, 107, '2019'),
(2271, 91, 7, 108, '2019'),
(2272, 91, 7, 109, '2019'),
(2273, 91, 9, 106, '2019'),
(2274, 91, 11, 106, '2019'),
(2275, 92, 1, 102, '2019'),
(2276, 92, 1, 103, '2019'),
(2277, 92, 1, 104, '2019'),
(2278, 92, 1, 105, '2019'),
(2279, 92, 1, 106, '2019'),
(2280, 92, 1, 107, '2019'),
(2281, 92, 1, 108, '2019'),
(2282, 92, 1, 109, '2019'),
(2283, 92, 3, 106, '2019'),
(2284, 92, 5, 106, '2019'),
(2285, 92, 6, 110, '2019'),
(2286, 92, 6, 111, '2019'),
(2287, 92, 6, 112, '2019'),
(2288, 92, 6, 113, '2019'),
(2289, 92, 6, 114, '2019'),
(2290, 92, 6, 115, '2019'),
(2291, 92, 7, 102, '2019'),
(2292, 92, 7, 103, '2019'),
(2293, 92, 7, 104, '2019'),
(2294, 92, 7, 105, '2019'),
(2295, 92, 7, 106, '2019'),
(2296, 92, 7, 107, '2019'),
(2297, 92, 7, 108, '2019'),
(2298, 92, 7, 109, '2019'),
(2299, 92, 9, 106, '2019'),
(2300, 92, 11, 106, '2019'),
(2301, 93, 1, 102, '2019'),
(2302, 93, 1, 103, '2019'),
(2303, 93, 1, 104, '2019'),
(2304, 93, 1, 105, '2019'),
(2305, 93, 1, 106, '2019'),
(2306, 93, 1, 107, '2019'),
(2307, 93, 1, 108, '2019'),
(2308, 93, 1, 109, '2019'),
(2309, 93, 3, 106, '2019'),
(2310, 93, 5, 106, '2019'),
(2311, 93, 6, 110, '2019'),
(2312, 93, 6, 111, '2019'),
(2313, 93, 6, 112, '2019'),
(2314, 93, 6, 113, '2019'),
(2315, 93, 6, 114, '2019'),
(2316, 93, 6, 115, '2019'),
(2317, 93, 7, 102, '2019'),
(2318, 93, 7, 103, '2019'),
(2319, 93, 7, 104, '2019'),
(2320, 93, 7, 105, '2019'),
(2321, 93, 7, 106, '2019'),
(2322, 93, 7, 107, '2019'),
(2323, 93, 7, 108, '2019'),
(2324, 93, 7, 109, '2019'),
(2325, 93, 9, 106, '2019'),
(2326, 93, 11, 106, '2019'),
(2327, 94, 1, 102, '2019'),
(2328, 94, 1, 103, '2019'),
(2329, 94, 1, 104, '2019'),
(2330, 94, 1, 105, '2019'),
(2331, 94, 1, 106, '2019'),
(2332, 94, 1, 107, '2019'),
(2333, 94, 1, 108, '2019'),
(2334, 94, 1, 109, '2019'),
(2335, 94, 3, 106, '2019'),
(2336, 94, 5, 106, '2019'),
(2337, 94, 6, 110, '2019'),
(2338, 94, 6, 111, '2019'),
(2339, 94, 6, 112, '2019'),
(2340, 94, 6, 113, '2019'),
(2341, 94, 6, 114, '2019'),
(2342, 94, 6, 115, '2019'),
(2343, 94, 7, 102, '2019'),
(2344, 94, 7, 103, '2019'),
(2345, 94, 7, 104, '2019'),
(2346, 94, 7, 105, '2019'),
(2347, 94, 7, 106, '2019'),
(2348, 94, 7, 107, '2019'),
(2349, 94, 7, 108, '2019'),
(2350, 94, 7, 109, '2019'),
(2351, 94, 9, 106, '2019'),
(2352, 94, 11, 106, '2019');

-- --------------------------------------------------------

--
-- Estructura de tabla para la tabla `edificio`
--

DROP TABLE IF EXISTS `edificio`;
CREATE TABLE IF NOT EXISTS `edificio` (
  `id` int(11) NOT NULL AUTO_INCREMENT,
  `nombre` varchar(30) NOT NULL,
  PRIMARY KEY (`id`)
) ENGINE=InnoDB AUTO_INCREMENT=4 DEFAULT CHARSET=latin1;

--
-- Volcado de datos para la tabla `edificio`
--

INSERT INTO `edificio` (`id`, `nombre`) VALUES
(1, 'Flacso Matriz '),
(2, 'Flacso Biblioteca'),
(3, 'Flacso Doctorado');

-- --------------------------------------------------------

--
-- Estructura de tabla para la tabla `equipos`
--

DROP TABLE IF EXISTS `equipos`;
CREATE TABLE IF NOT EXISTS `equipos` (
  `id` int(3) DEFAULT NULL,
  `id_sistema` int(1) DEFAULT NULL,
  `id_subsistema` int(2) DEFAULT NULL,
  `nombre` varchar(64) DEFAULT NULL,
  `foto` varchar(100) NOT NULL
) ENGINE=InnoDB DEFAULT CHARSET=utf8;

--
-- Volcado de datos para la tabla `equipos`
--

INSERT INTO `equipos` (`id`, `id_sistema`, `id_subsistema`, `nombre`, `foto`) VALUES
(1, 1, 1, 'FM-S4-SCI-BC-1  FLACSO MATRIZ SUB4 BOMBA CONTRAINCENDIO 1', '../images/equipos/Bomba_Contraincendio_Flacso_Matriz.jpeg'),
(2, 1, 1, 'FM-S4-SCI-BJ-1  FLACSO MATRIZ SUB4 BOMBA JOCKEY 1', '../images/equipos/Bomba_Jockey_Flacso_Matriz.jpeg'),
(3, 1, 1, 'FB-S3-SCI-BC-1  FLACSO BIBLIOTECA SUB3 BOMBA CONTRAINCENDIOS 1', '../images/equipos/Bomba_Contraincendio_Biblioteca.jpeg'),
(4, 1, 1, 'FB-S3-SCI-BJ-1  FLACSO BIBLIOTECA SUB3 BOMBA JOCKEY 1', '../images/equipos/Bomba_Jockey_Biblioteca.jpeg'),
(5, 1, 1, 'FD-S1-SCI-BC-1  FLACSO DOCTORADO SUB1 BOMBA CONTRAINCENDIO 1', '../images/equipos/Bomba_Contraincendio_Flacso_Matriz.jpeg'),
(6, 1, 2, 'FM-S4-SCI-BPR-1  FLACSO MATRIZ SUB4 BANCO DE PRUEBAS ROCIADORES ', '../images/equipos/Bancos_de_Pruebas.jpeg'),
(7, 1, 2, 'FM-S4-SCI-BPR-2  FLACSO MATRIZ SUB4 BANCO DE PRUEBAS ROCIADORES ', '../images/equipos/Bancos_de_Pruebas.jpeg'),
(8, 1, 2, 'FM-S3-SCI-BPR-1  FLACSO MATRIZ SUB3 BANCO DE PRUEBAS ROCIADORES ', '../images/equipos/Bancos_de_Pruebas.jpeg'),
(9, 1, 2, 'FM-S3-SCI-BPR-2  FLACSO MATRIZ SUB3 BANCO DE PRUEBAS ROCIADORES ', '../images/equipos/Bancos_de_Pruebas.jpeg'),
(10, 1, 2, 'FM-S2-SCI-BPR-1  FLACSO MATRIZ SUB2 BANCO DE PRUEBAS ROCIADORES ', '../images/equipos/Bancos_de_Pruebas.jpeg'),
(11, 1, 2, 'FM-S2-SCI-BPR-1  FLACSO MATRIZ SUB2 BANCO DE PRUEBAS ROCIADORES ', '../images/equipos/Bancos_de_Pruebas.jpeg'),
(12, 1, 2, 'FM-S1-SCI-BPR-1  FLACSO MATRIZ SUB1 BANCO DE PRUEBAS ROCIADORES ', '../images/equipos/Bancos_de_Pruebas.jpeg'),
(13, 1, 2, 'FM-S1-SCI-BPR-2  FLACSO MATRIZ SUB1 BANCO DE PRUEBAS ROCIADORES ', '../images/equipos/Bancos_de_Pruebas.jpeg'),
(14, 1, 2, 'T1-PB-SCI-BPR-1  TORRE 1 PLANTA BAJA BANCO DE PRUEBAS ROCIADORES', '../images/equipos/Bancos_de_Pruebas.jpeg'),
(15, 1, 2, 'T1-P1-SCI-BPR-1  TORRE 1 P1 BANCO DE PRUEBAS ROCIADORES 1', '../images/equipos/Bancos_de_Pruebas.jpeg'),
(16, 1, 2, 'T1-P2-SCI-BPR-1  TORRE 1 P2 BANCO DE PRUEBAS ROCIADORES 1', '../images/equipos/Bancos_de_Pruebas.jpeg'),
(17, 1, 2, 'T1-P3-SCI-BPR-1  TORRE 1 P3 BANCO DE PRUEBAS ROCIADORES 1', '../images/equipos/Bancos_de_Pruebas.jpeg'),
(18, 1, 2, 'T1-P4-SCI-BPR-1  TORRE 1 P4 BANCO DE PRUEBAS ROCIADORES 1', '../images/equipos/Bancos_de_Pruebas.jpeg'),
(19, 1, 2, 'T1-P5-SCI-BPR-1  TORRE 1 P5 BANCO DE PRUEBAS ROCIADORES 1', '../images/equipos/Bancos_de_Pruebas.jpeg'),
(20, 1, 2, 'T1-P6-SCI-BPR-1  TORRE 1 P6 BANCO DE PRUEBAS ROCIADORES 1', '../images/equipos/Bancos_de_Pruebas.jpeg'),
(21, 1, 2, 'T1-P7-SCI-BPR-1  TORRE 1 P7 BANCO DE PRUEBAS ROCIADORES 1', '../images/equipos/Bancos_de_Pruebas.jpeg'),
(22, 1, 2, 'T1-P8-SCI-BPR-1  TORRE 1 P8 BANCO DE PRUEBAS ROCIADORES 1', '../images/equipos/Bancos_de_Pruebas.jpeg'),
(23, 1, 2, 'T1-P9-SCI-BPR-1  TORRE 1 P9 BANCO DE PRUEBAS ROCIADORES 1', '../images/equipos/Bancos_de_Pruebas.jpeg'),
(24, 1, 2, 'T1-T-SCI-BPR-1  TORRE 1 TERRAZA BANCO DE PRUEBAS ROCIADORES 1', '../images/equipos/Bancos_de_Pruebas.jpeg'),
(25, 1, 2, 'FD-S1-SCI-BPR-1  FLACSO DOCTORADO SUB1 BANCO DE PRUEBAS ROCIADOR', '../images/equipos/Bancos_de_Pruebas.jpeg'),
(26, 1, 2, 'FD-PB-SCI-BPR-1  FLACSO DOCTORADO PLANTA BAJA BANCO DE PRUEBAS R', '../images/equipos/Bancos_de_Pruebas.jpeg'),
(27, 1, 2, 'FD-P1-SCI-BPR-1  FLACSO DOCTORADO P1 BANCO DE PRUEBAS ROCIADORES', '../images/equipos/Bancos_de_Pruebas.jpeg'),
(28, 1, 2, 'FD-P2-SCI-BPR-1  FLACSO DOCTORADO P2 BANCO DE PRUEBAS ROCIADORES', '../images/equipos/Bancos_de_Pruebas.jpeg'),
(29, 1, 2, 'FD-P3-SCI-BPR-1  FLACSO DOCTORADO P3 BANCO DE PRUEBAS ROCIADORES', '../images/equipos/Bancos_de_Pruebas.jpeg'),
(30, 1, 2, 'FB-S3-SCI-BPR-1  FLACSO BIBLIOTECA SUB3 BANCO DE PRUEBA 1', '../images/equipos/Bancos_de_Pruebas.jpeg'),
(31, 1, 2, 'FB-S2-SCI-BPR-1  FLACSO BIBLIOTECA SUB2 BANCO DE PRUEBA 1', '../images/equipos/Bancos_de_Pruebas.jpeg'),
(32, 1, 2, 'FB-S1-SCI-BPR-1  FLACSO BIBLIOTECA SUB1 BANCO DE PRUEBA 1', '../images/equipos/Bancos_de_Pruebas.jpeg'),
(33, 1, 2, 'FB-PB-SCI-BPR-1  FLACSO BIBLIOTECA PB BANCO DE PRUEBA 1', '../images/equipos/Bancos_de_Pruebas.jpeg'),
(34, 1, 2, 'FB-P1-SCI-BPR-1  FLACSO BIBLIOTECA P1  BANCO DE PRUEBA 1', '../images/equipos/Bancos_de_Pruebas.jpeg'),
(35, 1, 2, 'FB-P2-SCI-BPR-1  FLACSO BIBLIOTECA P2 BANCO DE PRUEBA 1', '../images/equipos/Bancos_de_Pruebas.jpeg'),
(36, 1, 2, 'FB-P3-SCI-BPR-1  FLACSO BIBLIOTECA P3 BANCO DE PRUEBA 1', '../images/equipos/Bancos_de_Pruebas.jpeg'),
(37, 1, 2, 'FB-P4-SCI-BPR-1  FLACSO BIBLIOTECA P4 BANCO DE PRUEBA 1', '../images/equipos/Bancos_de_Pruebas.jpeg'),
(38, 1, 2, 'FB-P5-SCI-BPR-1  FLACSO BIBLIOTECA P5 BANCO DE PRUEBA 1', '../images/equipos/Bancos_de_Pruebas.jpeg'),
(39, 1, 2, 'FB-P6-SCI-BPR-1  FLACSO BIBLIOTECA P6 BANCO DE PRUEBA 1', '../images/equipos/Bancos_de_Pruebas.jpeg'),
(40, 1, 2, 'FB-P7-SCI-BPR-1  FLACSO BIBLIOTECA P7 BANCO DE PRUEBA 1', '../images/equipos/Bancos_de_Pruebas.jpeg'),
(41, 1, 2, 'T2-PB-SCI-BPR-1  TORRE 2 PLANTA BAJA BANCO DE PRUEBAS ROCIADORES', '../images/equipos/Bancos_de_Pruebas.jpeg'),
(42, 1, 2, 'T2-P1-SCI-BPR-1  TORRE 2 P1 BANCO DE PRUEBAS ROCIADORES 1', '../images/equipos/Bancos_de_Pruebas.jpeg'),
(43, 1, 2, 'T2-P2-SCI-BPR-1  TORRE 2 P2 BANCO DE PRUEBAS ROCIADORES 1', '../images/equipos/Bancos_de_Pruebas.jpeg'),
(44, 1, 2, 'T2-P3-SCI-BPR-1  TORRE 2 P3 BANCO DE PRUEBAS ROCIADORES 1', '../images/equipos/Bancos_de_Pruebas.jpeg'),
(45, 1, 2, 'T2-P4-SCI-BPR-1  TORRE 2 P4 BANCO DE PRUEBAS ROCIADORES 1', '../images/equipos/Bancos_de_Pruebas.jpeg'),
(46, 1, 2, 'T2-P5-SCI-BPR-1  TORRE 2 P5 BANCO DE PRUEBAS ROCIADORES 1', '../images/equipos/Bancos_de_Pruebas.jpeg'),
(47, 1, 2, 'T2-P6-SCI-BPR-1  TORRE 2 P6 BANCO DE PRUEBAS ROCIADORES 1', '../images/equipos/Bancos_de_Pruebas.jpeg'),
(48, 1, 2, 'T2-P7-SCI-BPR-1  TORRE 2 P7 BANCO DE PRUEBAS ROCIADORES 1', '../images/equipos/Bancos_de_Pruebas.jpeg'),
(49, 1, 2, 'T2-P8-SCI-BPR-1  TORRE 2 P8 BANCO DE PRUEBAS ROCIADORES 1', '../images/equipos/Bancos_de_Pruebas.jpeg'),
(50, 1, 2, 'T2-P9-SCI-BPR-1  TORRE 2 P9 BANCO DE PRUEBAS ROCIADORES 1', '../images/equipos/Bancos_de_Pruebas.jpeg'),
(51, 1, 2, 'T2-T-SCI-BPR-1  TORRE 2 TERRAZA BANCO DE PRUEBAS ROCIADORES 1', '../images/equipos/Bancos_de_Pruebas.jpeg'),
(52, 1, 3, 'FM-S4-SCI-GBC-1  FLACSO MATRIZ SUB4  GABINETE 1', '../images/equipos/Gabinetes.jpeg'),
(53, 1, 3, 'FM-S4-SCI-GBC-2  FLACSO MATRIZ SUB4  GABINETE 2', '../images/equipos/Gabinetes.jpeg'),
(54, 1, 3, 'FM-S4-SCI-GBC-3  FLACSO MATRIZ SUB4  GABINETE 3', '../images/equipos/Gabinetes.jpeg'),
(55, 1, 3, 'FM-S3-SCI-GBC-1  FLACSO MATRIZ SUB3  GABINETE 1', '../images/equipos/Gabinetes.jpeg'),
(56, 1, 3, 'FM-S3-SCI-GBC-2  FLACSO MATRIZ SUB3 GABINETE 2', '../images/equipos/Gabinetes.jpeg'),
(57, 1, 3, 'FM-S3-SCI-GBC-3  FLACSO MATRIZ SUB3 GABINETE 3', '../images/equipos/Gabinetes.jpeg'),
(58, 1, 3, 'FM-S2-SCI-GBC-1  FLACSO MATRIZ SUB2 GABINETE 1', '../images/equipos/Gabinetes.jpeg'),
(59, 1, 3, 'FM-S2-SCI-GBC-2  FLACSO MATRIZ SUB2 GABINETE 2', '../images/equipos/Gabinetes.jpeg'),
(60, 1, 3, 'FM-S1-SCI-GBC-1  FLACSO MATRIZ SUB1GABINETE 1', '../images/equipos/Gabinetes.jpeg'),
(61, 1, 3, 'FM-S1-SCI-GBC-2  FLACSO MATRIZ SUB1GABINETE 2', '../images/equipos/Gabinetes.jpeg'),
(62, 1, 3, 'T1-PB-SCI-GBC-1  TORRE 1 PLANTA BAJA GABINETE 1', '../images/equipos/Gabinetes.jpeg'),
(63, 1, 3, 'T1-P1-SCI-GBC-1  TORRE 1 P1 GABINETE 1', '../images/equipos/Gabinetes.jpeg'),
(64, 1, 3, 'T1-P2-SCI-GBC-1  TORRE 1 P2 GABINETE 1', '../images/equipos/Gabinetes.jpeg'),
(65, 1, 3, 'T1-P3-SCI-GBC-1  TORRE 1 P3 GABINETE 1', '../images/equipos/Gabinetes.jpeg'),
(66, 1, 3, 'T1-P4-SCI-GBC-1  TORRE 1 P4 GABINETE 1', '../images/equipos/Gabinetes.jpeg'),
(67, 1, 3, 'T1-P5-SCI-GBC-1  TORRE 1 P5 GABINETE 1', '../images/equipos/Gabinetes.jpeg'),
(68, 1, 3, 'T1-P6-SCI-GBC-1  TORRE 1 P6 GABINETE 1', '../images/equipos/Gabinetes.jpeg'),
(69, 1, 3, 'T1-P7-SCI-GBC-1  TORRE 1 P7 GABINETE 1', '../images/equipos/Gabinetes.jpeg'),
(70, 1, 3, 'T1-P8-SCI-GBC-1  TORRE 1 P8 GABINETE 1', '../images/equipos/Gabinetes.jpeg'),
(71, 1, 3, 'T1-P9-SCI-GBC-1  TORRE 1 P9 GABINETE 1', '../images/equipos/Gabinetes.jpeg'),
(72, 1, 3, 'T1-P10-SCI-GBC-1  TORRE 1 P10 GABINETE 1', '../images/equipos/Gabinetes.jpeg'),
(73, 1, 3, 'FB-S3-SCI-GBC-1  FLACSO BIBLIOTECA SUB3  GABINETE 1', '../images/equipos/Gabinetes.jpeg'),
(74, 1, 3, 'FB-S3-SCI-GBC-2  FLACSO BIBLIOTECA SUB3  GABINETE 2', '../images/equipos/Gabinetes.jpeg'),
(75, 1, 3, 'FB-S2-SCI-GBC-1  FLACSO BIBLIOTECA SUB2  GABINETE 1', '../images/equipos/Gabinetes.jpeg'),
(76, 1, 3, 'FB-S1-SCI-GBC-1  FLACSO BIBLIOTECA SUB1  GABINETE 1', '../images/equipos/Gabinetes.jpeg'),
(77, 1, 3, 'FB-S1-SCI-GBC-2  FLACSO BIBLIOTECA SUB1  GABINETE 2', '../images/equipos/Gabinetes.jpeg'),
(78, 1, 3, 'FB-PB-SCI-GBC-1  FLACSO BIBLIOTECA PB GABINETE 1', '../images/equipos/Gabinetes.jpeg'),
(79, 1, 3, 'FB-P1-SCI-GBC-1  FLACSO BIBLIOTECA P1   GABINETE 1', '../images/equipos/Gabinetes.jpeg'),
(80, 1, 3, 'FB-P2-SCI-GBC-1  FLACSO BIBLIOTECA P2  GABINETE 1', '../images/equipos/Gabinetes.jpeg'),
(81, 1, 3, 'FB-P3-SCI-GBC-1  FLACSO BIBLIOTECA P3  GABINETE 1', '../images/equipos/Gabinetes.jpeg'),
(82, 1, 3, 'FB-P4-SCI-GBC-1  FLACSO BIBLIOTECA P4 GABINETE 1', '../images/equipos/Gabinetes.jpeg'),
(83, 1, 3, 'FB-P5-SCI-GBC-1  FLACSO BIBLIOTECA P5  GABINETE 1', '../images/equipos/Gabinetes.jpeg'),
(84, 1, 3, 'FB-P6-SCI-GBC-1  FLACSO BIBLIOTECA P6  GABINETE 1', '../images/equipos/Gabinetes.jpeg'),
(85, 1, 3, 'FB-P7-SCI-GBC-1  FLACSO BIBLIOTECA P7  GABINETE 1', '../images/equipos/Gabinetes.jpeg'),
(86, 1, 3, 'FD-S1-SCI-GBC-1  FLACSO DOCTORADO SUB1  GABINETE 1', '../images/equipos/Gabinetes.jpeg'),
(87, 1, 3, 'FD-PB-SCI-GBC-1  FLACSO DOCTORADO PB GABINETE 1', '../images/equipos/Gabinetes.jpeg'),
(88, 1, 3, 'FD-P1-SCI-GBC-1  FLACSO DOCTORADO P1   GABINETE 1', '../images/equipos/Gabinetes.jpeg'),
(89, 1, 3, 'FD-P2-SCI-GBC-1  FLACSO DOCTORADO P2  GABINETE 1', '../images/equipos/Gabinetes.jpeg'),
(90, 1, 3, 'FD-P3-SCI-GBC-1  FLACSO DOCTORADO P3  GABINETE 1', '../images/equipos/Gabinetes.jpeg'),
(91, 1, 3, 'T2-PB-SCI-GBC-1  TORRE 2 PLANTA BAJA GABINETE 1', '../images/equipos/Gabinetes.jpeg'),
(92, 1, 3, 'T2-P1-SCI-GBC-1  TORRE 2 P1 GABINETE 1', '../images/equipos/Gabinetes.jpeg'),
(93, 1, 3, 'T2-P2-SCI-GBC-1  TORRE 2 P2 GABINETE 1', '../images/equipos/Gabinetes.jpeg'),
(94, 1, 3, 'T2-P3-SCI-GBC-1  TORRE 2 P3 GABINETE 1', '../images/equipos/Gabinetes.jpeg'),
(95, 1, 3, 'T2-P4-SCI-GBC-1  TORRE 2 P4 GABINETE 1', '../images/equipos/Gabinetes.jpeg'),
(96, 1, 3, 'T2-P5-SCI-GBC-1  TORRE 2 P5 GABINETE 1', '../images/equipos/Gabinetes.jpeg'),
(97, 1, 3, 'T2-P6-SCI-GBC-1  TORRE 2 P6 GABINETE 1', '../images/equipos/Gabinetes.jpeg'),
(98, 1, 3, 'T2-P7-SCI-GBC-1  TORRE 2 P7 GABINETE 1', '../images/equipos/Gabinetes.jpeg'),
(99, 1, 3, 'T2-P8-SCI-GBC-1  TORRE 2 P8 GABINETE 1', '../images/equipos/Gabinetes.jpeg'),
(100, 1, 3, 'T2-P9-SCI-GBC-1  TORRE 2 P9 GABINETE 1', '../images/equipos/Gabinetes.jpeg'),
(101, 1, 3, 'T2-P10-SCI-GBC-1  TORRE 2 P10 GABINETE 1', '../images/equipos/Gabinetes.jpeg'),
(102, 2, 5, 'FM-S2-HVAC-UC-1  FLACSO MATRIZ SUB2 UNIDAD CONDENSADORA 1', '../images/equipos/Condensador_Piso2_Flacso_Matriz.jpeg'),
(103, 2, 5, 'T1-PB-HVAC-UC-1  TORRE 1 PB UNIDAD CONDENSADORA 1', '../images/equipos/Condensador_Piso9_Flacso_Matriz.jpeg'),
(104, 2, 5, 'FM-S1-HVAC-UC-1  FLACSO MATRIZ UNIDAD CONDENSADORA 1', '../images/equipos/Condensador_Piso9_Flacso_Matriz.jpeg'),
(105, 2, 5, 'FM-S1-HVAC-UC-2  FLACSO MATRIZ UNIDAD CONDENSADORA 2', '../images/equipos/Condensador_Piso9_Flacso_Matriz.jpeg'),
(106, 2, 5, 'FM-S1-HVAC-UC-3  FLACSO MATRIZ UNIDAD CONDENSADORA 3', '../images/equipos/Condensador_Piso9_Flacso_Matriz.jpeg'),
(107, 2, 5, 'T1-T-HVAC-UC-1  TORRE 1 TERRAZA UNIDAD DE CONDENSACION 1', '../images/equipos/Condensador_Piso9_Flacso_Matriz.jpeg'),
(108, 2, 5, 'T1-T-HVAC-UC-2  TORRE 1 TERRAZA UNIDAD DE CONDENSACION 2', '../images/equipos/Condensador_Piso9_Flacso_Matriz.jpeg'),
(109, 2, 5, 'T1-T-HVAC-UC-3  TORRE 1 TERRAZA UNIDAD DE CONDENSACION 3', '../images/equipos/Condensador_Piso9_Flacso_Matriz.jpeg'),
(110, 2, 5, 'T1-T-HVAC-UC-4  TORRE 1 TERRAZA UNIDAD DE CONDENSACION 4', '../images/equipos/Condensador_Piso9_Flacso_Matriz.jpeg'),
(111, 2, 5, 'T1-T-HVAC-UC-5  TORRE 1 TERRAZA UNIDAD DE CONDENSACION 5', '../images/equipos/Condensador_Piso9_Flacso_Matriz.jpeg'),
(112, 2, 5, 'T1-T-HVAC-UC-6  TORRE 1 TERRAZA UNIDAD DE CONDENSACION 6', '../images/equipos/Condensador_Piso9_Flacso_Matriz.jpeg'),
(113, 2, 5, 'T2-T-HVAC-UC-1  TORRE 2 TERRAZA UNIDAD DE CONDENSACION 1', '../images/equipos/Condensador_Piso9_Flacso_Matriz.jpeg'),
(114, 2, 5, 'T2-T-HVAC-UC-2  TORRE 2 TERRAZA UNIDAD DE CONDENSACION 2', '../images/equipos/Condensador_Piso9_Flacso_Matriz.jpeg'),
(115, 2, 5, 'T2-T-HVAC-UC-3  TORRE 2 TERRAZA UNIDAD DE CONDENSACION 3', '../images/equipos/Condensador_Piso9_Flacso_Matriz.jpeg'),
(116, 2, 5, 'T2-T-HVAC-UC-4  TORRE 2 TERRAZA UNIDAD DE CONDENSACION 4', '../images/equipos/Condensador_Piso9_Flacso_Matriz.jpeg'),
(117, 2, 5, 'T2-S2-HVAC-UC-1  TORRE 2 SUB2 UNIDAD DE CONDENSACION 1', '../images/equipos/Condensador_Piso9_Flacso_Matriz.jpeg'),
(118, 2, 5, 'FB-T-HVAC-UC-1  FLACSO BIBLIOTECA TERRAZA UNIDAD DE CONDENSACION', '../images/equipos/Unidades_condensadores_Biblioteca.jpeg'),
(119, 2, 5, 'FB-T-HVAC-UC-2  FLACSO BIBLIOTECA TERRAZA UNIDAD DE CONDENSACION', '../images/equipos/Unidades_condensadores_Biblioteca.jpeg'),
(120, 2, 5, 'FB-T-HVAC-UC-3  FLACSO BIBLIOTECA TERRAZA UNIDAD DE CONDENSACION', '../images/equipos/Unidades_condensadores_Biblioteca.jpeg'),
(121, 2, 5, 'FB-T-HVAC-UC-4  FLACSO BIBLIOTECA TERRAZA UNIDAD DE CONDENSACION', '../images/equipos/Unidades_condensadores_Biblioteca.jpeg'),
(122, 2, 5, 'FB-T-HVAC-UC-5  FLACSO BIBLIOTECA TERRAZA UNIDAD DE CONDENSACION', '../images/equipos/Unidades_condensadores_Biblioteca.jpeg'),
(123, 2, 5, 'FB-T-HVAC-UC-6  FLACSO BIBLIOTECA TERRAZA UNIDAD DE CONDENSACION', '../images/equipos/Unidades_condensadores_Biblioteca.jpeg'),
(124, 2, 5, 'FB-T-HVAC-UC-7  FLACSO BIBLIOTECA TERRAZA UNIDAD DE CONDENSACION', '../images/equipos/Unidades_condensadores_Biblioteca.jpeg'),
(125, 2, 5, 'FB-T-HVAC-UC-8  FLACSO BIBLIOTECA TERRAZA UNIDAD DE CONDENSACION', '../images/equipos/Unidades_condensadores_Biblioteca.jpeg'),
(126, 2, 5, 'FB-T-HVAC-UC-9  FLACSO BIBLIOTECA TERRAZA UNIDAD DE CONDENSACION', '../images/equipos/Unidades_condensadores_Biblioteca.jpeg'),
(127, 2, 5, 'FB-PB-HVAC-UC-1  FLACSO BIBLIOTECA PB UNIDAD CONDENSADORA 1', '../images/equipos/Condensador_Piso2_Flacso_Matriz.jpeg'),
(128, 2, 6, 'T2-S1-HVAC-EV1  TORRE 2 SUBSUELO 1 EVAPORADOR 1', '../images/equipos/Evaporadores.jpeg'),
(129, 2, 6, 'T2-S1-HVAC-EV2  TORRE 2 SUBSUELO 1 EVAPORADOR 2', '../images/equipos/Evaporadores.jpeg'),
(130, 2, 6, 'T2-S1-HVAC-EV3  TORRE 2 SUBSUELO 1 EVAPORADOR 3', '../images/equipos/Evaporadores.jpeg'),
(131, 2, 6, 'T2-S1-HVAC-EV4  TORRE 2 SUBSUELO 1 EVAPORADOR 4', '../images/equipos/Evaporadores.jpeg'),
(132, 2, 6, 'T2-S1-HVAC-EV5  TORRE 2 SUBSUELO 1 EVAPORADOR 5', '../images/equipos/Evaporadores.jpeg'),
(133, 2, 6, 'T2-S1-HVAC-EV6  TORRE 2 SUBSUELO 1 EVAPORADOR 6', '../images/equipos/Evaporadores.jpeg'),
(134, 2, 6, 'T2-S1-HVAC-EV7  TORRE 2 SUBSUELO 1 EVAPORADOR 7', '../images/equipos/Evaporadores.jpeg'),
(135, 2, 6, 'T2-S1-HVAC-EV8  TORRE 2 SUBSUELO 1 EVAPORADOR 8', '../images/equipos/Evaporadores.jpeg'),
(136, 2, 6, 'T2-S1-HVAC-EV9  TORRE 2 SUBSUELO 1 EVAPORADOR 9', '../images/equipos/Evaporadores.jpeg'),
(137, 2, 6, 'T2-S1-HVAC-EV10  TORRE 2 SUBSUELO 1 EVAPORADOR 10', '../images/equipos/Evaporadores.jpeg'),
(138, 2, 6, 'T2-S1-HVAC-EV11  TORRE 2 SUBSUELO 1 EVAPORADOR 11', '../images/equipos/Evaporadores.jpeg'),
(139, 2, 6, 'T2-S1-HVAC-EV12  TORRE 2 SUBSUELO 1 EVAPORADOR 12', '../images/equipos/Evaporadores.jpeg'),
(140, 2, 6, 'T1-S1-HVAC-EV1  TORRE 1 SUBSUELO 1 EVAPORADOR 1', '../images/equipos/Evaporadores.jpeg'),
(141, 2, 6, 'T1-S1-HVAC-EV2  TORRE 1 SUBSUELO 1 EVAPORADOR 2', '../images/equipos/Evaporadores.jpeg'),
(142, 2, 6, 'T1-S1-HVAC-EV3  TORRE 1 SUBSUELO 1 EVAPORADOR 3', '../images/equipos/Evaporadores.jpeg'),
(143, 2, 6, 'T1-S1-HVAC-EV4  TORRE 1 SUBSUELO 1 EVAPORADOR 4', '../images/equipos/Evaporadores.jpeg'),
(144, 2, 6, 'T1-S1-HVAC-EV5  TORRE 1 SUBSUELO 1 EVAPORADOR 5', '../images/equipos/Evaporadores.jpeg'),
(145, 2, 6, 'T1-S1-HVAC-EV6  TORRE 1 SUBSUELO 1 EVAPORADOR 6', '../images/equipos/Evaporadores.jpeg'),
(146, 2, 6, 'T1-S1-HVAC-EV7  TORRE 1 SUBSUELO 1 EVAPORADOR 7', '../images/equipos/Evaporadores.jpeg'),
(147, 2, 6, 'T1-S1-HVAC-EV8  TORRE 1 SUBSUELO 1 EVAPORADOR 8', '../images/equipos/Evaporadores.jpeg'),
(148, 2, 6, 'T1-S1-HVAC-EV9  TORRE 1 SUBSUELO 1 EVAPORADOR 9', '../images/equipos/Evaporadores.jpeg'),
(149, 2, 6, 'T1-S1-HVAC-EV10  TORRE 1 SUBSUELO 1 EVAPORADOR 10', '../images/equipos/Evaporadores.jpeg'),
(150, 2, 6, 'T2-PB-HVAC-EV1  TORRE 2 PLANTA BAJA EVAPORADOR 1', '../images/equipos/Evaporadores.jpeg'),
(151, 2, 6, 'T2-PB-HVAC-EV2  TORRE 2 PLANTA BAJA EVAPORADOR 2', '../images/equipos/Evaporadores.jpeg'),
(152, 2, 6, 'T2-P1-HVAC-EV1  TORRE 2 PLANTA 1 EVAPORADOR 1', '../images/equipos/Evaporadores.jpeg'),
(153, 2, 6, 'T2-P1-HVAC-EV2  TORRE 2 PLANTA 1 EVAPORADOR 2', '../images/equipos/Evaporadores.jpeg'),
(154, 2, 6, 'T2-P1-HVAC-EV3  TORRE 2 PLANTA 1 EVAPORADOR 3', '../images/equipos/Evaporadores.jpeg'),
(155, 2, 6, 'T2-P1-HVAC-EV4  TORRE 2 PLANTA 1 EVAPORADOR 4', '../images/equipos/Evaporadores.jpeg'),
(156, 2, 6, 'T2-P1-HVAC-EV5  TORRE 2 PLANTA 1 EVAPORADOR 5', '../images/equipos/Evaporadores.jpeg'),
(157, 2, 6, 'T2-P1-HVAC-EV6  TORRE 2 PLANTA 1 EVAPORADOR 6', '../images/equipos/Evaporadores.jpeg'),
(158, 2, 6, 'T1-P1-HVAC-EV1  TORRE 1 PLANTA 1 EVAPORADOR 1', '../images/equipos/Evaporadores.jpeg'),
(159, 2, 6, 'T1-P1-HVAC-EV2  TORRE 1 PLANTA 1 EVAPORADOR 2', '../images/equipos/Evaporadores.jpeg'),
(160, 2, 6, 'T1-P1-HVAC-EV3  TORRE 1 PLANTA 1 EVAPORADOR 3', '../images/equipos/Evaporadores.jpeg'),
(161, 2, 6, 'T1-P1-HVAC-EV4  TORRE 1 PLANTA 1 EVAPORADOR 4', '../images/equipos/Evaporadores.jpeg'),
(162, 2, 6, 'T1-P1-HVAC-EV5  TORRE 1 PLANTA 1 EVAPORADOR 5', '../images/equipos/Evaporadores.jpeg'),
(163, 2, 6, 'T1-P1-HVAC-EV6  TORRE 1 PLANTA 1 EVAPORADOR 6', '../images/equipos/Evaporadores.jpeg'),
(164, 2, 6, 'T1-P1-HVAC-EV7  TORRE 1 PLANTA 1 EVAPORADOR 7', '../images/equipos/Evaporadores.jpeg'),
(165, 2, 6, 'T1-P2-HVAC-EV1  TORRE 1 PISO 2 EVAPORADOR 1', '../images/equipos/Evaporadores.jpeg'),
(166, 2, 6, 'T1-P2-HVAC-EV2  TORRE 1 PISO 2 EVAPORADOR 2', '../images/equipos/Evaporadores.jpeg'),
(167, 2, 6, 'T1-P2-HVAC-EV3  TORRE 1 PISO 2 EVAPORADOR 3', '../images/equipos/Evaporadores.jpeg'),
(168, 2, 6, 'T1-P2-HVAC-EV4  TORRE 1 PISO 2 EVAPORADOR 4', '../images/equipos/Evaporadores.jpeg'),
(169, 2, 6, 'T1-P2-HVAC-EV5  TORRE 1 PISO 2 EVAPORADOR 5', '../images/equipos/Evaporadores.jpeg'),
(170, 2, 6, 'T1-P2-HVAC-EV6  TORRE 1 PISO 2 EVAPORADOR 6', '../images/equipos/Evaporadores.jpeg'),
(171, 2, 6, 'T1-P2-HVAC-EV7  TORRE 1 PISO 2 EVAPORADOR 7', '../images/equipos/Evaporadores.jpeg'),
(172, 2, 6, 'T1-P3-HVAC-EV1  TORRE 1 PISO 3 EVAPORADOR 1', '../images/equipos/Evaporadores.jpeg'),
(173, 2, 6, 'T1-P3-HVAC-EV2  TORRE 1 PISO 3 EVAPORADOR 2', '../images/equipos/Evaporadores.jpeg'),
(174, 2, 6, 'T1-P3-HVAC-EV3  TORRE 1 PISO 3 EVAPORADOR 3', '../images/equipos/Evaporadores.jpeg'),
(175, 2, 6, 'T1-P3-HVAC-EV4  TORRE 1 PISO 3 EVAPORADOR 4', '../images/equipos/Evaporadores.jpeg'),
(176, 2, 6, 'T1-P3-HVAC-EV5  TORRE 1 PISO 3 EVAPORADOR 5', '../images/equipos/Evaporadores.jpeg'),
(177, 2, 6, 'T1-P3-HVAC-EV6  TORRE 1 PISO 3 EVAPORADOR 6', '../images/equipos/Evaporadores.jpeg'),
(178, 2, 6, 'T1-P3-HVAC-EV7  TORRE 1 PISO 3 EVAPORADOR 7', '../images/equipos/Evaporadores.jpeg'),
(179, 2, 6, 'T1-P3-HVAC-EV8  TORRE 1 PISO 3 EVAPORADOR 8', '../images/equipos/Evaporadores.jpeg'),
(180, 2, 6, 'T1-P3-HVAC-EV9  TORRE 1 PISO 3 EVAPORADOR 9', '../images/equipos/Evaporadores.jpeg'),
(181, 2, 6, 'T1-P4-HVAC-EV1  TORRE 1 PISO 4 EVAPORADOR 1', '../images/equipos/Evaporadores.jpeg'),
(182, 2, 6, 'T1-P4-HVAC-EV2  TORRE 1 PISO 4 EVAPORADOR 2', '../images/equipos/Evaporadores.jpeg'),
(183, 2, 6, 'T1-P4-HVAC-EV3  TORRE 1 PISO 4 EVAPORADOR 3', '../images/equipos/Evaporadores.jpeg'),
(184, 2, 6, 'T1-P4-HVAC-EV4  TORRE 1 PISO 4 EVAPORADOR 4', '../images/equipos/Evaporadores.jpeg'),
(185, 2, 6, 'T1-P4-HVAC-EV5  TORRE 1 PISO 4 EVAPORADOR 5', '../images/equipos/Evaporadores.jpeg'),
(186, 2, 6, 'T1-P4-HVAC-EV6  TORRE 1 PISO 4 EVAPORADOR 6', '../images/equipos/Evaporadores.jpeg'),
(187, 2, 6, 'T1-P5-HVAC-EV1  TORRE 1 PISO 5 EVAPORADOR 1', '../images/equipos/Evaporadores.jpeg'),
(188, 2, 6, 'T1-P5-HVAC-EV2  TORRE 1 PISO 5 EVAPORADOR 2', '../images/equipos/Evaporadores.jpeg'),
(189, 2, 6, 'T1-P5-HVAC-EV3  TORRE 1 PISO 5 EVAPORADOR 3', '../images/equipos/Evaporadores.jpeg'),
(190, 2, 6, 'T1-P5-HVAC-EV4  TORRE 1 PISO 5 EVAPORADOR 4', '../images/equipos/Evaporadores.jpeg'),
(191, 2, 6, 'T1-P5-HVAC-EV5  TORRE 1 PISO 5 EVAPORADOR 5', '../images/equipos/Evaporadores.jpeg'),
(192, 2, 6, 'T1-P5-HVAC-EV6  TORRE 1 PISO 5 EVAPORADOR 6', '../images/equipos/Evaporadores.jpeg'),
(193, 2, 6, 'T2-P6-HVAC-EV1  TORRE 2 PISO 6 EVAPORADOR 1', '../images/equipos/Evaporadores.jpeg'),
(194, 2, 6, 'T2-P6-HVAC-EV2  TORRE 2 PISO 6 EVAPORADOR 2', '../images/equipos/Evaporadores.jpeg'),
(195, 2, 6, 'T1-P6-HVAC-EV1  TORRE 1 PISO 6 EVAPORADOR 1', '../images/equipos/Evaporadores.jpeg'),
(196, 2, 6, 'T1-P6-HVAC-EV2  TORRE 1 PISO 6 EVAPORADOR 2', '../images/equipos/Evaporadores.jpeg'),
(197, 2, 6, 'T1-P6-HVAC-EV3  TORRE 1 PISO 6 EVAPORADOR 3', '../images/equipos/Evaporadores.jpeg'),
(198, 2, 6, 'T1-P6-HVAC-EV4  TORRE 1 PISO 6 EVAPORADOR 4', '../images/equipos/Evaporadores.jpeg'),
(199, 2, 6, 'T1-P6-HVAC-EV5  TORRE 1 PISO 6 EVAPORADOR 5', '../images/equipos/Evaporadores.jpeg'),
(200, 2, 6, 'T1-P6-HVAC-EV6  TORRE 1 PISO 6 EVAPORADOR 6', '../images/equipos/Evaporadores.jpeg'),
(201, 2, 6, 'T1-P6-HVAC-EV7  TORRE 1 PISO 6 EVAPORADOR 7', '../images/equipos/Evaporadores.jpeg'),
(202, 2, 6, 'T1-P6-HVAC-EV8  TORRE 1 PISO 6 EVAPORADOR 8', '../images/equipos/Evaporadores.jpeg'),
(203, 2, 6, 'T2-P7-HVAC-EV1  TORRE 2 PISO 7 EVAPORADOR 1', '../images/equipos/Evaporadores.jpeg'),
(204, 2, 6, 'T2-P7-HVAC-EV2  TORRE 2 PISO 7 EVAPORADOR 2', '../images/equipos/Evaporadores.jpeg'),
(205, 2, 6, 'T2-P7-HVAC-EV3  TORRE 2 PISO 7 EVAPORADOR 3', '../images/equipos/Evaporadores.jpeg'),
(206, 2, 6, 'T1-P7-HVAC-EV1  TORRE 1 PISO 7 EVAPORADOR 1', '../images/equipos/Evaporadores.jpeg'),
(207, 2, 6, 'T1-P7-HVAC-EV2  TORRE 1 PISO 7 EVAPORADOR 2', '../images/equipos/Evaporadores.jpeg'),
(208, 2, 6, 'T1-P7-HVAC-EV3  TORRE 1 PISO 7 EVAPORADOR 3', '../images/equipos/Evaporadores.jpeg'),
(209, 2, 6, 'T1-P7-HVAC-EV4  TORRE 1 PISO 7 EVAPORADOR 4', '../images/equipos/Evaporadores.jpeg'),
(210, 2, 6, 'T1-P7-HVAC-EV5  TORRE 1 PISO 7 EVAPORADOR 5', '../images/equipos/Evaporadores.jpeg'),
(211, 2, 6, 'T1-P7-HVAC-EV6  TORRE 1 PISO 7 EVAPORADOR 6', '../images/equipos/Evaporadores.jpeg'),
(212, 2, 6, 'T1-P7-HVAC-EV7  TORRE 1 PISO 7 EVAPORADOR 7', '../images/equipos/Evaporadores.jpeg'),
(213, 2, 6, 'T1-P7-HVAC-EV8  TORRE 1 PISO 7 EVAPORADOR 8', '../images/equipos/Evaporadores.jpeg'),
(214, 2, 6, 'T2-P8-HVAC-EV1  TORRE 2 PISO 8 EVAPORADOR 1', '../images/equipos/Evaporadores.jpeg'),
(215, 2, 6, 'T2-P8-HVAC-EV1  TORRE 2 PISO 8 EVAPORADOR 1', '../images/equipos/Evaporadores.jpeg'),
(216, 2, 6, 'T2-P8-HVAC-EV2  TORRE 2 PISO 8 EVAPORADOR 2', '../images/equipos/Evaporadores.jpeg'),
(217, 2, 6, 'T1-P8-HVAC-EV1  TORRE 1 PISO 8 EVAPORADOR 1', '../images/equipos/Evaporadores.jpeg'),
(218, 2, 6, 'T1-P8-HVAC-EV2  TORRE 1 PISO 8 EVAPORADOR 2', '../images/equipos/Evaporadores.jpeg'),
(219, 2, 6, 'T1-P8-HVAC-EV3  TORRE 1 PISO 8 EVAPORADOR 3', '../images/equipos/Evaporadores.jpeg'),
(220, 2, 6, 'T1-P8-HVAC-EV4  TORRE 1 PISO 8 EVAPORADOR 4', '../images/equipos/Evaporadores.jpeg'),
(221, 2, 6, 'T1-P8-HVAC-EV5  TORRE 1 PISO 8 EVAPORADOR 5', '../images/equipos/Evaporadores.jpeg'),
(222, 2, 6, 'T1-P8-HVAC-EV6  TORRE 1 PISO 8 EVAPORADOR 6', '../images/equipos/Evaporadores.jpeg'),
(223, 2, 6, 'T1-P8-HVAC-EV7  TORRE 1 PISO 8 EVAPORADOR 7', '../images/equipos/Evaporadores.jpeg'),
(224, 2, 6, 'T1-P8-HVAC-EV8  TORRE 1 PISO 8 EVAPORADOR 8', '../images/equipos/Evaporadores.jpeg'),
(225, 2, 6, 'T2-P9-HVAC-EV1  TORRE 2 PISO 9 EVAPORADOR 1', '../images/equipos/Evaporadores.jpeg'),
(226, 2, 6, 'T2-P9-HVAC-EV2  TORRE 2 PISO 9 EVAPORADOR 2', '../images/equipos/Evaporadores.jpeg'),
(227, 2, 6, 'T1-P9-HVAC-EV1  TORRE 1 PISO 9 EVAPORADOR 1', '../images/equipos/Evaporadores.jpeg'),
(228, 2, 6, 'T1-P9-HVAC-EV2  TORRE 1 PISO 9 EVAPORADOR 2', '../images/equipos/Evaporadores.jpeg'),
(229, 2, 6, 'T1-P9-HVAC-EV3  TORRE 1 PISO 9 EVAPORADOR 3', '../images/equipos/Evaporadores.jpeg'),
(230, 2, 6, 'T1-P9-HVAC-EV4  TORRE 1 PISO 9 EVAPORADOR 4', '../images/equipos/Evaporadores.jpeg'),
(231, 2, 6, 'T1-P9-HVAC-EV5  TORRE 1 PISO 9 EVAPORADOR 5', '../images/equipos/Evaporadores.jpeg'),
(232, 2, 6, 'T1-P9-HVAC-EV6  TORRE 1 PISO 9 EVAPORADOR 6', '../images/equipos/Evaporadores.jpeg'),
(233, 2, 6, 'FB-S2-HVAC-EV1  FLACSO BIBLIOTECA SUBSUELO 2 EVAPORADOR 1', '../images/equipos/Evaporadores.jpeg'),
(234, 2, 6, 'FB-S2-HVAC-EV2  FLACSO BIBLIOTECA SUBSUELO 2 EVAPORADOR 2', '../images/equipos/Evaporadores.jpeg'),
(235, 2, 6, 'FB-S1-HVAC-EV1  FLACSO BIBLIOTECA SUBSUELO 1 EVAPORADOR 1', '../images/equipos/Evaporadores.jpeg'),
(236, 2, 6, 'FB-S1-HVAC-EV2  FLACSO BIBLIOTECA SUBSUELO 1 EVAPORADOR 2', '../images/equipos/Evaporadores.jpeg'),
(237, 2, 6, 'FB-S1-HVAC-EV3  FLACSO BIBLIOTECA SUBSUELO 1 EVAPORADOR 3', '../images/equipos/Evaporadores.jpeg'),
(238, 2, 6, 'FB-S1-HVAC-EV4  FLACSO BIBLIOTECA SUBSUELO 1 EVAPORADOR 4', '../images/equipos/Evaporadores.jpeg'),
(239, 2, 6, 'FB-S1-HVAC-EV5  FLACSO BIBLIOTECA SUBSUELO 1 EVAPORADOR 5', '../images/equipos/Evaporadores.jpeg'),
(240, 2, 6, 'FB-P1-HVAC-EV1  FLACSO BIBLIOTECA PISO 1 EVAPORADOR 1', '../images/equipos/Evaporadores.jpeg'),
(241, 2, 6, 'FB-P1-HVAC-EV2  FLACSO BIBLIOTECA PISO 1 EVAPORADOR 2', '../images/equipos/Evaporadores.jpeg'),
(242, 2, 6, 'FB-P1-HVAC-EV3  FLACSO BIBLIOTECA PISO 1 EVAPORADOR 3', '../images/equipos/Evaporadores.jpeg'),
(243, 2, 6, 'FB-P1-HVAC-EV4  FLACSO BIBLIOTECA PISO 1 EVAPORADOR 4', '../images/equipos/Evaporadores.jpeg'),
(244, 2, 6, 'FB-P1-HVAC-EV5  FLACSO BIBLIOTECA PISO 1 EVAPORADOR 5', '../images/equipos/Evaporadores.jpeg'),
(245, 2, 6, 'FB-P2-HVAC-EV1  FLACSO BIBLIOTECA PISO 2 EVAPORADOR 1', '../images/equipos/Evaporadores.jpeg'),
(246, 2, 6, 'FB-P2-HVAC-EV2  FLACSO BIBLIOTECA PISO 2 EVAPORADOR 2', '../images/equipos/Evaporadores.jpeg'),
(247, 2, 6, 'FB-P3-HVAC-EV1  FLACSO BIBLIOTECA PISO 3 EVAPORADOR 1', '../images/equipos/Evaporadores.jpeg'),
(248, 2, 6, 'FB-P3-HVAC-EV2  FLACSO BIBLIOTECA PISO 3 EVAPORADOR 2', '../images/equipos/Evaporadores.jpeg'),
(249, 2, 6, 'FB-P4-HVAC-EV1  FLACSO BIBLIOTECA PISO 4 EVAPORADOR 1', '../images/equipos/Evaporadores.jpeg'),
(250, 2, 6, 'FB-P4-HVAC-EV2  FLACSO BIBLIOTECA PISO 4 EVAPORADOR 2', '../images/equipos/Evaporadores.jpeg'),
(251, 2, 6, 'FB-P5-HVAC-EV1  FLACSO BIBLIOTECA PISO 5 EVAPORADOR 1', '../images/equipos/Evaporadores.jpeg'),
(252, 2, 6, 'FB-P5-HVAC-EV2  FLACSO BIBLIOTECA PISO 5 EVAPORADOR 2', '../images/equipos/Evaporadores.jpeg'),
(253, 2, 6, 'FB-P5-HVAC-EV3  FLACSO BIBLIOTECA PISO 5 EVAPORADOR 3', '../images/equipos/Evaporadores.jpeg'),
(254, 2, 6, 'FB-P5-HVAC-EV4  FLACSO BIBLIOTECA PISO 5 EVAPORADOR 4', '../images/equipos/Evaporadores.jpeg'),
(255, 2, 6, 'FB-P5-HVAC-EV5  FLACSO BIBLIOTECA PISO 5 EVAPORADOR 5', '../images/equipos/Evaporadores.jpeg'),
(256, 2, 6, 'FB-P5-HVAC-EV6  FLACSO BIBLIOTECA PISO 5 EVAPORADOR 6', '../images/equipos/Evaporadores.jpeg'),
(257, 2, 6, 'FB-P5-HVAC-EV7  FLACSO BIBLIOTECA PISO 5 EVAPORADOR 7', '../images/equipos/Evaporadores.jpeg'),
(258, 2, 6, 'FB-P5-HVAC-EV8  FLACSO BIBLIOTECA PISO 5 EVAPORADOR 8', '../images/equipos/Evaporadores.jpeg'),
(259, 2, 6, 'FB-P5-HVAC-EV9  FLACSO BIBLIOTECA PISO 5 EVAPORADOR 9', '../images/equipos/Evaporadores.jpeg'),
(260, 2, 6, 'FB-P5-HVAC-EV10  FLACSO BIBLIOTECA PISO 5 EVAPORADOR 10', '../images/equipos/Evaporadores.jpeg'),
(261, 2, 6, 'FB-P5-HVAC-EV11  FLACSO BIBLIOTECA PISO 5 EVAPORADOR 11', '../images/equipos/Evaporadores.jpeg'),
(262, 2, 6, 'FB-P6-HVAC-EV1  FLACSO BIBLIOTECA PISO 6 EVAPORADOR 1', '../images/equipos/Evaporadores.jpeg'),
(263, 2, 6, 'FB-P6-HVAC-EV2  FLACSO BIBLIOTECA PISO 6 EVAPORADOR 2', '../images/equipos/Evaporadores.jpeg'),
(264, 2, 6, 'FB-P6-HVAC-EV3  FLACSO BIBLIOTECA PISO 6 EVAPORADOR 3', '../images/equipos/Evaporadores.jpeg'),
(265, 2, 6, 'FB-P6-HVAC-EV4  FLACSO BIBLIOTECA PISO 6 EVAPORADOR 4', '../images/equipos/Evaporadores.jpeg'),
(266, 2, 6, 'FB-P6-HVAC-EV5  FLACSO BIBLIOTECA PISO 6 EVAPORADOR 5', '../images/equipos/Evaporadores.jpeg'),
(267, 2, 6, 'FB-P6-HVAC-EV6  FLACSO BIBLIOTECA PISO 6 EVAPORADOR 6', '../images/equipos/Evaporadores.jpeg'),
(268, 2, 6, 'FB-P6-HVAC-EV7  FLACSO BIBLIOTECA PISO 6 EVAPORADOR 7', '../images/equipos/Evaporadores.jpeg'),
(269, 2, 6, 'FB-P6-HVAC-EV8  FLACSO BIBLIOTECA PISO 6 EVAPORADOR 8', '../images/equipos/Evaporadores.jpeg'),
(270, 2, 6, 'FB-P6-HVAC-EV9  FLACSO BIBLIOTECA PISO 6 EVAPORADOR 9', '../images/equipos/Evaporadores.jpeg'),
(271, 2, 6, 'FB-P6-HVAC-EV10  FLACSO BIBLIOTECA PISO 6 EVAPORADOR 10', '../images/equipos/Evaporadores.jpeg'),
(272, 2, 6, 'FB-P6-HVAC-EV11  FLACSO BIBLIOTECA PISO 6 EVAPORADOR 11', '../images/equipos/Evaporadores.jpeg'),
(273, 2, 6, 'FB-P6-HVAC-EV12  FLACSO BIBLIOTECA PISO 6 EVAPORADOR 12', '../images/equipos/Evaporadores.jpeg'),
(274, 2, 6, 'FB-P6-HVAC-EV13  FLACSO BIBLIOTECA PISO 6 EVAPORADOR 13', '../images/equipos/Evaporadores.jpeg'),
(275, 2, 6, 'FB-P7-HVAC-EV1  FLACSO BIBLIOTECA PISO 7 EVAPORADOR 1', '../images/equipos/Evaporadores.jpeg'),
(276, 2, 6, 'FB-P7-HVAC-EV2  FLACSO BIBLIOTECA PISO 7 EVAPORADOR 2', '../images/equipos/Evaporadores.jpeg'),
(277, 2, 6, 'FB-P7-HVAC-EV3  FLACSO BIBLIOTECA PISO 7 EVAPORADOR 3', '../images/equipos/Evaporadores.jpeg'),
(278, 2, 6, 'FB-P7-HVAC-EV4  FLACSO BIBLIOTECA PISO 7 EVAPORADOR 4', '../images/equipos/Evaporadores.jpeg'),
(279, 2, 6, 'FB-P7-HVAC-EV5  FLACSO BIBLIOTECA PISO 7 EVAPORADOR 5', '../images/equipos/Evaporadores.jpeg'),
(280, 2, 6, 'FB-P7-HVAC-EV6  FLACSO BIBLIOTECA PISO 7 EVAPORADOR 6', '../images/equipos/Evaporadores.jpeg'),
(281, 2, 6, 'FB-P7-HVAC-EV7  FLACSO BIBLIOTECA PISO 7 EVAPORADOR 7', '../images/equipos/Evaporadores.jpeg'),
(282, 2, 6, 'FB-P7-HVAC-EV8  FLACSO BIBLIOTECA PISO 7 EVAPORADOR 8', '../images/equipos/Evaporadores.jpeg'),
(283, 2, 6, 'FB-P7-HVAC-EV9  FLACSO BIBLIOTECA PISO 7 EVAPORADOR 9', '../images/equipos/Evaporadores.jpeg'),
(284, 2, 6, 'FB-P7-HVAC-EV10  FLACSO BIBLIOTECA PISO 7 EVAPORADOR 10', '../images/equipos/Evaporadores.jpeg'),
(285, 2, 6, 'FB-P7-HVAC-EV11  FLACSO BIBLIOTECA PISO 7 EVAPORADOR 11', '../images/equipos/Evaporadores.jpeg'),
(286, 2, 6, 'FB-P7-HVAC-EV12  FLACSO BIBLIOTECA PISO 7 EVAPORADOR 12', '../images/equipos/Evaporadores.jpeg'),
(287, 2, 6, 'FB-P7-HVAC-EV13  FLACSO BIBLIOTECA PISO 7 EVAPORADOR 13', '../images/equipos/Evaporadores.jpeg'),
(288, 2, 7, 'FM-S2-HVAC-SE-1  FLACSO MATRIZ SUB2 SISTEMA DE EXTRACCION 1', '../images/equipos/Sistema_Extraccion_Flacso_Matriz.jpeg'),
(289, 2, 7, 'FM-S2-HVAC-SV-1  FLACSO MATRIZ SUB2 SISTEMA DE VENTILACION 1', '../images/equipos/Suministro_Aire_Ventilacion.jpeg'),
(290, 2, 7, 'T2-T-HVAC-SE-1  TORRE 2 TERRAZA SISTEMA DE EXTRACCION 1', '../images/equipos/Sistema_Extraccion_Flacso_Matriz.jpeg'),
(291, 2, 7, 'T2-T-HVAC-SE-2  TORRE 2 TERRAZA SISTEMA DE EXTRACCION 2', '../images/equipos/Sistema_Extraccion_Flacso_Matriz.jpeg'),
(292, 2, 7, 'T2-T-HVAC-SV-1  TORRE 2 TERRAZA SISTEMA DE PRESURIZACION 1', '../images/equipos/Presurizacion_gradas_Flacso_Matriz.jpeg'),
(293, 2, 7, 'T2-T-HVAC-SV-2  TORRE 2 TERRAZA SUMINISTRO A GRADAS 2', '../images/equipos/Presurizacion_Gradas.jpeg'),
(294, 2, 7, 'T2-T-HVAC-SE-3  TORRE 2 TERRAZA SISTEMA DE EXTRACCION 3', '../images/equipos/Sistema_Extraccion_Flacso_Matriz.jpeg'),
(295, 2, 7, 'T1-T-HVAC-SV-3  TORRE 1 TERRAZA SUMINISTRO DE AIRE 3', '../images/equipos/Suministro_Aire_Ventilacion.jpeg'),
(296, 2, 7, 'T1-T-HVAC-SE-4  TORRE 1 TERRAZA SISTEMA DE ESTRACCION 4', '../images/equipos/Sistema_Extraccion_Flacso_Matriz.jpeg'),
(297, 2, 7, 'T1-T-HVAC-SE-5  TORRE 1 TERRAZA SISTEMA DE EXTRACCION 5', '../images/equipos/Sistema_Extraccion_Flacso_Matriz.jpeg'),
(298, 2, 7, 'T1-G-HVAC-SV-1  TORRE 1 SISTEMA DE PRESURIZACION GRADAS 1', '../images/equipos/Suministro_Aire.jpeg'),
(299, 2, 7, 'FM-S1-HVAC-SV-1  FLACSO MATRIZ SUB1 SUMINISTRO DE AIRE HALL ASCE', '../images/equipos/Suministro_Aire_Subsuelo_Flacso_Matriz.jpeg'),
(300, 2, 7, 'T1-P1-HVAC-SV-1  TORRE 1 P1 SUMINISTRO DE AIRE COMEDOR 1 ', '../images/equipos/Suministro_Aire.jpeg'),
(301, 2, 7, 'T1-P1-HVAC-SE-1  TORRE 1 P1 SISTEMA DE EXTRACCION AIRE COMEDOR 1', '../images/equipos/Extraccion_cocina_Flacso_Matriz.jpeg'),
(302, 2, 7, 'FB-T-HVAC-SE-4  FLACSO BIBLOTECA TERRAZA SISTEMA DE EXTRACCION B', '../images/equipos/Extractor_Ba?os_Torre2.jpeg'),
(303, 2, 7, 'FB-G-HVAC-SV-1  FLACSO BIBLIOTECA GRADAS SISTEMA DE PRESURIZACIO', '../images/equipos/Presurizacion_gradas_Biblioteca.jpeg'),
(304, 2, 7, 'FB-T-HVAC-SV-1  FLACSO BIBLIOTECA SUB1 SUMINISTRO DE AIRE 1', '../images/equipos/Suministro_Aire_Ventilacion.jpeg'),
(305, 2, 7, 'FB-PB-HVAC-SV-1  FLACSO BIBLIOTECA PLANTA BAJA SUMINISTRO DE AIR', '../images/equipos/Suministro_Aire.jpeg'),
(306, 2, 7, 'FB-S1-SHS-SE-1  FLACSO BIBLIOTECA SUB1 SISTEMA DE EXTRACCION 1', '../images/equipos/Sistema_Extraccion_Flacso_Matriz.jpeg'),
(307, 2, 7, 'FB-S2-SHS-SE-2  FLACSO BIBLIOTECA SUB2 SISTEMA DE EXTRACCION 2', '../images/equipos/Sistema_Extraccion_Flacso_Matriz.jpeg'),
(308, 2, 7, 'FB-S3-SHS-SE-3  FLACSO BIBLIOTECA SUB3 SISTEMA DE EXTRACCION 3', '../images/equipos/Sistema_Extraccion_Flacso_Matriz.jpeg'),
(309, 3, 8, 'FM-S4-SHS-BS-1  FLACSO MATRIZ SUB4 BOMBA AGUAS SERVIDAS 1', '../images/equipos/bomba_albanal_flacso_matriz.jpg'),
(310, 3, 8, 'FM-S4-SHS-BS-2  FLACSO MATRIZ SUB4 BOMBA AGUAS SERVIDAS 2', '../images/equipos/bomba_albanal_flacso_matriz.jpg'),
(311, 3, 8, 'FB-S3-SHS-BS-1  FLACSO BIBLIOTECA SUB3 BOMBA AGUAS SERVIDAS 1', '../images/equipos/bomba_albanal_flacso_biblioteca.jpg'),
(312, 3, 8, 'FB-S3-SHS-BS-2  FLACSO BIBLIOTECA SUB3 BOMBA AGUAS SERVIDAS 2', '../images/equipos/bomba_albanal_flacso_biblioteca.jpg'),
(313, 3, 9, 'FM-S4-SHS-BLL-1  FLACSO MATRIZ SUB4 BOMBA AGUAS LLUVIAS 1', '../images/equipos/Bomba_Agua_Lluvia_Flacso_Matriz.jpeg'),
(314, 3, 9, 'FM-S4-SHS-BLL-2  FLACSO MATRIZ SUB4 BOMBA AGUAS LLUVIAS 2', '../images/equipos/Bomba_Agua_Lluvia_Flacso_Matriz.jpeg'),
(315, 3, 9, 'FM-S4-SHS-BLL-3  FLACSO MATRIZ SUB4 BOMBA AGUAS LLUVIAS 3', '../images/equipos/Bomba_Agua_Lluvia_Flacso_Matriz.jpeg'),
(316, 3, 10, 'FM-S4-SHS-BNF-1  FLACSO MATRIZ SUB4 BOMBA NIVEL FREATICO 1', '../images/equipos/bomba_nivel_freatico_flacso_matriz.jpg'),
(317, 3, 10, 'FM-S4-SHS-BNF-2  FLACSO MATRIZ SUB4 BOMBA NIVEL FREATICO 2', '../images/equipos/bomba_nivel_freatico_flacso_matriz.jpg'),
(318, 3, 10, 'FM-S4-SHS-BNF-3  FLACSO MATRIZ SUB4 BOMBA NIVEL FREATICO 3', '../images/equipos/bomba_trifasica_nivel_freatico.jpg'),
(319, 3, 10, 'FM-S4-SHS-BNF-4  FLACSO MATRIZ SUB4 BOMBA NIVEL FREATICO 4', '../images/equipos/bomba_trifasica_nivel_freatico.jpg'),
(320, 3, 10, 'FB-S3-SHS-BNF-1  FLACSO BIBLIOTECA SUB3 BOMBA NIVEL FREATICO 1', '../images/equipos/bomba_nivel_freatico_flacso_biblioteca.jpg'),
(321, 3, 10, 'FB-S3-SHS-BNF-2  FLACSO BIBLIOTECA SUB3 BOMBA NIVEL FREATICO 2', '../images/equipos/bomba_nivel_freatico_flacso_biblioteca.jpg'),
(322, 3, 11, 'FM-S4-SHS-BP-1  FLACSO MATRIZ SUB4 BOMBA AGUA POTABLE 1', '../images/equipos/Bomba_Agua_Potable_Flacso_matriz.jpeg'),
(323, 3, 11, 'FM-S4-SHS-BP-2  FLACSO MATRIZ SUB4 BOMBA AGUA POTABLE 2', '../images/equipos/Bomba_Agua_Potable_Flacso_matriz.jpeg'),
(324, 3, 11, 'FM-S4-SHS-BP-3  FLACSO MATRIZ SUB4 BOMBA AGUA POTABLE 3', '../images/equipos/Bomba_Agua_Potable_Flacso_matriz.jpeg'),
(325, 3, 11, 'FB-S3-SHS-BP-1  FLACSO BIBLIOTECA  SUB3 BOMBA AGUA POTABLE 1', '../images/equipos/Bomba_Agua_Potable_Biblioteca.jpeg'),
(326, 3, 11, 'FB-S3-SHS-BP-2  FLACSO BIBLIOTECA SUB3 BOMBA AGUA POTABLE 2', '../images/equipos/Bomba_Agua_Potable_Biblioteca.jpeg'),
(327, 3, 11, 'FD-S1-SHS-BP-1  FLACSO DOCTORADO SUB1 BOMBA DE AGUA POTABLE 1', '../images/equipos/Bomba_Agua_Potable_Flacso_matriz.jpeg'),
(328, 2, 13, 'FM-S1-HVAC-FC-1  FLACSO MATRIZ SUB1 FAN COIL 1', '../images/equipos/Data_Aire.jpeg'),
(329, 2, 13, 'FM-S1-HVAC-FC-2  FLACSO MATRIZ SUB1 FAN COIL 2', '../images/equipos/Data_Aire.jpeg'),
(330, 2, 13, 'FM-S1-HVAC-FC-3  FLACSO MATRIZ SUB1 FAN COIL 3', '../images/equipos/Data_Aire.jpeg'),
(331, 2, 13, 'FM-S1-HVAC-FC-4  FLACSO MATRIZ SUB1 FAN COIL 4', '../images/equipos/Data_Aire.jpeg'),
(332, 2, 13, 'T2-P2-HVAC-FC1  TORRE 2 PLANTA 2 FAN COIL 1', '../images/equipos/Data_Aire.jpeg'),
(333, 2, 13, 'T2-P2-HVAC-FC2  TORRE 2 PLANTA 2 FAN COIL 2', '../images/equipos/Data_Aire.jpeg'),
(334, 2, 13, 'T2-P2-HVAC-FC3  TORRE 2 PLANTA 2 FAN COIL 3', '../images/equipos/Data_Aire.jpeg'),
(335, 2, 13, 'T2-P2-HVAC-FC4  TORRE 2 PLANTA 2 FAN COIL 4', '../images/equipos/Data_Aire.jpeg'),
(336, 2, 13, 'T2-P2-HVAC-FC5  TORRE 2 PLANTA 2 FAN COIL 5', '../images/equipos/Data_Aire.jpeg'),
(337, 2, 13, 'T2-P2-HVAC-FC6  TORRE 2 PLANTA 2 FAN COIL 6', '../images/equipos/Data_Aire.jpeg'),
(338, 2, 13, 'T2-P3-HVAC-FC1  TORRE 2 PISO 3 FAN COIL 1', '../images/equipos/Data_Aire.jpeg'),
(339, 2, 13, 'T2-P3-HVAC-FC2  TORRE 2 PISO 3 FAN COIL 2', '../images/equipos/Data_Aire.jpeg'),
(340, 2, 13, 'T2-P3-HVAC-FC3  TORRE 2 PISO 3 FAN COIL 3', '../images/equipos/Data_Aire.jpeg'),
(341, 2, 13, 'T2-P3-HVAC-FC4  TORRE 2 PISO 3 FAN COIL 4', '../images/equipos/Data_Aire.jpeg'),
(342, 2, 13, 'T2-P3-HVAC-FC5  TORRE 2 PISO 3 FAN COIL 5', '../images/equipos/Data_Aire.jpeg'),
(343, 2, 13, 'T2-P3-HVAC-FC6  TORRE 2 PISO 3 FAN COIL 6', '../images/equipos/Data_Aire.jpeg'),
(344, 2, 13, 'T2-P4-HVAC-FC1  TORRE 2 PISO 4 FAN COIL 1', '../images/equipos/Data_Aire.jpeg'),
(345, 2, 13, 'T2-P4-HVAC-FC2  TORRE 2 PISO 4 FAN COIL 2', '../images/equipos/Data_Aire.jpeg'),
(346, 2, 13, 'T2-P4-HVAC-FC3  TORRE 2 PISO 4 FAN COIL 3', '../images/equipos/Data_Aire.jpeg'),
(347, 2, 13, 'T2-P4-HVAC-FC4  TORRE 2 PISO 4 FAN COIL 4', '../images/equipos/Data_Aire.jpeg'),
(348, 2, 13, 'T2-P4-HVAC-FC5  TORRE 2 PISO 4 FAN COIL 5', '../images/equipos/Data_Aire.jpeg'),
(349, 2, 13, 'T2-P4-HVAC-FC6  TORRE 2 PISO 4 FAN COIL 6', '../images/equipos/Data_Aire.jpeg'),
(350, 2, 13, 'T2-P5-HVAC-FC1  TORRE 2 PISO 5 FAN COIL 1', '../images/equipos/Data_Aire.jpeg'),
(351, 2, 13, 'T2-P5-HVAC-FC2  TORRE 2 PISO 5 FAN COIL 2', '../images/equipos/Data_Aire.jpeg'),
(352, 2, 13, 'T2-P5-HVAC-FC3  TORRE 2 PISO 5 FAN COIL 3', '../images/equipos/Data_Aire.jpeg'),
(353, 2, 13, 'T2-P5-HVAC-FC4  TORRE 2 PISO 5 FAN COIL 4', '../images/equipos/Data_Aire.jpeg'),
(354, 2, 13, 'T2-P6-HVAC-FC1  TORRE 2 PISO 6 FAN COIL 1', '../images/equipos/Data_Aire.jpeg'),
(355, 2, 13, 'T2-P6-HVAC-FC2  TORRE 2 PISO 6 FAN COIL 2', '../images/equipos/Data_Aire.jpeg'),
(356, 2, 13, 'T2-P6-HVAC-FC3  TORRE 2 PISO 6 FAN COIL 3', '../images/equipos/Data_Aire.jpeg'),
(357, 2, 13, 'T2-P6-HVAC-FC4  TORRE 2 PISO 6 FAN COIL 4', '../images/equipos/Data_Aire.jpeg'),
(358, 2, 13, 'T2-P7-HVAC-FC1  TORRE 2 PISO 7 FAN COIL 1', '../images/equipos/Data_Aire.jpeg'),
(359, 2, 13, 'T2-P7-HVAC-FC2  TORRE 2 PISO 7 FAN COIL 2', '../images/equipos/Data_Aire.jpeg'),
(360, 2, 13, 'T2-P7-HVAC-FC3  TORRE 2 PISO 7 FAN COIL 3', '../images/equipos/Data_Aire.jpeg'),
(361, 2, 13, 'T2-P7-HVAC-FC4  TORRE 2 PISO 7 FAN COIL 4', '../images/equipos/Data_Aire.jpeg'),
(362, 2, 13, 'T2-P8-HVAC-FC1  TORRE 2 PISO 8 FAN COIL 1', '../images/equipos/Data_Aire.jpeg'),
(363, 2, 13, 'T2-P8-HVAC-FC2  TORRE 2 PISO 8 FAN COIL 2', '../images/equipos/Data_Aire.jpeg'),
(364, 2, 13, 'T2-P8-HVAC-FC3  TORRE 2 PISO 8 FAN COIL 3', '../images/equipos/Data_Aire.jpeg'),
(365, 2, 13, 'T2-P8-HVAC-FC4  TORRE 2 PISO 8 FAN COIL 4', '../images/equipos/Data_Aire.jpeg'),
(366, 2, 13, 'T2-P9-HVAC-FC1  TORRE 2 PISO 9 FAN COIL 1', '../images/equipos/Data_Aire.jpeg'),
(367, 2, 13, 'T2-P9-HVAC-FC2  TORRE 2 PISO 9 FAN COIL 2', '../images/equipos/Data_Aire.jpeg'),
(368, 2, 13, 'T2-P9-HVAC-FC3  TORRE 2 PISO 9 FAN COIL 3', '../images/equipos/Data_Aire.jpeg'),
(369, 2, 13, 'T2-P9-HVAC-FC4  TORRE 2 PISO 9 FAN COIL 4', '../images/equipos/Data_Aire.jpeg'),
(370, 2, 13, 'FB-S1-HVAC-FC1  FLACSO BIBLIOTECA SUBSUELO 1 FAN COIL 1', '../images/equipos/Data_Aire.jpeg'),
(371, 2, 13, 'FB-S1-HVAC-FC2  FLACSO BIBLIOTECA SUBSUELO 1 FAN COIL 2', '../images/equipos/Data_Aire.jpeg'),
(372, 2, 13, 'FB-S1-HVAC-FC3  FLACSO BIBLIOTECA SUBSUELO 1 FAN COIL 3', '../images/equipos/Data_Aire.jpeg'),
(373, 2, 13, 'FB-PB-HVAC-FC1  FLACSO BIBLIOTECA PLANTA BAJA FAN COIL 1', '../images/equipos/Data_Aire.jpeg'),
(374, 2, 13, 'FB-PB-HVAC-FC2  FLACSO BIBLIOTECA PLANTA BAJA FAN COIL 2', '../images/equipos/Data_Aire.jpeg'),
(375, 2, 13, 'FB-PB-HVAC-FC3  FLACSO BIBLIOTECA PLANTA BAJA FAN COIL 3', '../images/equipos/Data_Aire.jpeg'),
(376, 2, 13, 'FB-PB-HVAC-FC4  FLACSO BIBLIOTECA PLANTA BAJA FAN COIL 4', '../images/equipos/Data_Aire.jpeg'),
(377, 2, 13, 'FB-P1-HVAC-FC1  FLACSO BIBLIOTECA PISO 1 FAN COIL 1', '../images/equipos/Data_Aire.jpeg'),
(378, 2, 13, 'FB-P1-HVAC-FC2  FLACSO BIBLIOTECA PISO 1 FAN COIL 2', '../images/equipos/Data_Aire.jpeg'),
(379, 2, 13, 'FB-P1-HVAC-FC3  FLACSO BIBLIOTECA PISO 1 FAN COIL 3', '../images/equipos/Data_Aire.jpeg'),
(380, 2, 13, 'FB-P2-HVAC-FC1  FLACSO BIBLIOTECA PISO 2 FAN COIL 1', '../images/equipos/Data_Aire.jpeg'),
(381, 2, 13, 'FB-P3-HVAC-FC1  FLACSO BIBLIOTECA PISO 3 FAN COIL 1', '../images/equipos/Data_Aire.jpeg'),
(382, 2, 13, 'FB-P3-HVAC-FC2  FLACSO BIBLIOTECA PISO 3 FAN COIL 2', '../images/equipos/Data_Aire.jpeg'),
(383, 2, 13, 'FB-P4-HVAC-FC1  FLACSO BIBLIOTECA PISO 4 FAN COIL 1', '../images/equipos/Data_Aire.jpeg'),
(384, 2, 13, 'FB-P4-HVAC-FC2  FLACSO BIBLIOTECA PISO 4 FAN COIL 2', '../images/equipos/Data_Aire.jpeg'),
(385, 2, 13, 'FB-P5-HVAC-FC1  FLACSO BIBLIOTECA PISO 5 FAN COIL 1', '../images/equipos/Data_Aire.jpeg'),
(386, 2, 13, 'FB-P6-HVAC-FC1  FLACSO BIBLIOTECA PISO 6 FAN COIL 1', '../images/equipos/Data_Aire.jpeg'),
(387, 2, 14, 'FB-PB-HVAC-UP-1  FLACSO BIBLIOTECA PLANTA BAJA UNIDAD TIPO PAQUE', '../images/equipos/Data_Aire.jpeg'),
(388, 2, 14, 'FB-PB-HVAC-UP-2  FLACSO BIBLIOTECA PLANTA BAJA UNIDAD TIPO PAQUE', '../images/equipos/Data_Aire.jpeg'),
(389, 2, 14, 'FB-PB-HVAC-US-1  FLACSO BIBLIOTECA PLANTA BAJA UNIDAD SPLIT DE P', '../images/equipos/Tipo_Split.jpeg'),
(390, 2, 14, 'FD-S1-HVAC-US-1  FLACSO DOCTORADO SUB1  UNIDAD TIPO SPLIT 16000 ', '../images/equipos/Tipo_Split.jpeg'),
(391, 2, 14, 'FD-S1-HVAC-US-2  FLACSO DOCTORADO SUB1  UNIDAD TIPO SPLIT 16000 ', '../images/equipos/unidad_split_doctorado.jpg');

-- --------------------------------------------------------

--
-- Estructura de tabla para la tabla `equiposp`
--

DROP TABLE IF EXISTS `equiposp`;
CREATE TABLE IF NOT EXISTS `equiposp` (
  `id` int(11) NOT NULL AUTO_INCREMENT,
  `id_sistema` int(11) NOT NULL,
  `id_subsistema` int(11) NOT NULL,
  `nombre` varchar(200) NOT NULL,
  `foto` varchar(200) NOT NULL,
  PRIMARY KEY (`id`)
) ENGINE=InnoDB AUTO_INCREMENT=95 DEFAULT CHARSET=latin1;

--
-- Volcado de datos para la tabla `equiposp`
--

INSERT INTO `equiposp` (`id`, `id_sistema`, `id_subsistema`, `nombre`, `foto`) VALUES
(1, 1, 1, 'FM-S4-SCI-BC-1  FLACSO MATRIZ SUB4 BOMBA CONTRAINCENDIO 1', '../images/equipos/Bomba_Contraincendio_Flacso_Matriz.jpeg'),
(2, 1, 1, 'FM-S4-SCI-BJ-1  FLACSO MATRIZ SUB4 BOMBA JOCKEY 1', '../images/equipos/Bomba_Jockey_Flacso_Matriz.jpeg'),
(3, 1, 1, 'FB-S3-SCI-BC-1  FLACSO BIBLIOTECA SUB3 BOMBA CONTRAINCENDIOS 1', '../images/equipos/Bomba_Contraincendio_Biblioteca.jpeg'),
(4, 1, 1, 'FB-S3-SCI-BJ-1  FLACSO BIBLIOTECA SUB3 BOMBA JOCKEY 1', '../images/equipos/Bomba_Jockey_Biblioteca.jpeg'),
(5, 1, 1, 'FD-S1-SCI-BC-1  FLACSO DOCTORADO SUB1 BOMBA CONTRAINCENDIO 1', '../images/equipos/Bomba_Contraincendio_Flacso_Matriz.jpeg'),
(6, 1, 2, 'FM-SCI-BPR FLACSO MATRIZ BANCO DE PRUEBAS ROCIADORES', '../images/equipos/Bancos_de_Pruebas.jpeg'),
(7, 1, 2, 'T1-SCI-BPR  TORRE 1  BANCO DE PRUEBAS ROCIADORES', '../images/equipos/Bancos_de_Pruebas.jpeg'),
(8, 1, 2, 'FD-SCI-BPR  FLACSO DOCTORADO BANCO DE PRUEBAS ROCIADORES ', '../images/equipos/Bancos_de_Pruebas.jpeg'),
(9, 1, 2, 'FB-SCI-BPR  FLACSO BIBLIOTECA BANCO DE PRUEBAS ROCIADORES', '../images/equipos/Bancos_de_Pruebas.jpeg'),
(10, 1, 2, 'T2-SCI-BPR TORRE 2 BANCO DE PRUEBAS ROCIADORES ', '../images/equipos/Bancos_de_Pruebas.jpeg'),
(11, 1, 3, 'FM-SCI-GBC  FLACSO MATRIZ GABINETES', '../images/equipos/Gabinetes.jpeg'),
(12, 1, 3, 'T1-PB-SCI-GBC  TORRE 1 GABINETES', '../images/equipos/Gabinetes.jpeg'),
(13, 1, 3, 'FB-SCI-GBC  FLACSO BIBLIOTECA GABINETES', '../images/equipos/Gabinetes.jpeg'),
(14, 1, 3, 'FD-SCI-GBC FLACSO DOCTORADO GABINETES', '../images/equipos/Gabinetes.jpeg'),
(15, 1, 3, 'T2-SCI-GBC TORRE 2 GABINETES', '../images/equipos/Gabinetes.jpeg'),
(16, 2, 5, 'FM-S2-HVAC-UC-1  FLACSO MATRIZ SUB2 UNIDAD CONDENSADORA 1', '../images/equipos/Condensador_Piso2_Flacso_Matriz.jpeg'),
(17, 2, 5, 'T1-PB-HVAC-UC-1  TORRE 1 PB UNIDAD CONDENSADORA 1', '../images/equipos/Condensador_Piso9_Flacso_Matriz.jpeg'),
(18, 2, 5, 'FM-S1-HVAC-UC-1  FLACSO MATRIZ UNIDAD CONDENSADORA 1', '../images/equipos/Condensador_Piso9_Flacso_Matriz.jpeg'),
(19, 2, 5, 'FM-S1-HVAC-UC-2  FLACSO MATRIZ UNIDAD CONDENSADORA 2', '../images/equipos/Condensador_Piso9_Flacso_Matriz.jpeg'),
(20, 2, 5, 'FM-S1-HVAC-UC-3  FLACSO MATRIZ UNIDAD CONDENSADORA 3', '../images/equipos/Condensador_Piso9_Flacso_Matriz.jpeg'),
(21, 2, 5, 'T1-T-HVAC-UC-1  TORRE 1 TERRAZA UNIDAD DE CONDENSACION 1', '../images/equipos/Condensador_Piso9_Flacso_Matriz.jpeg'),
(22, 2, 5, 'T1-T-HVAC-UC-2  TORRE 1 TERRAZA UNIDAD DE CONDENSACION 2', '../images/equipos/Condensador_Piso9_Flacso_Matriz.jpeg'),
(23, 2, 5, 'T1-T-HVAC-UC-3  TORRE 1 TERRAZA UNIDAD DE CONDENSACION 3', '../images/equipos/Condensador_Piso9_Flacso_Matriz.jpeg'),
(24, 2, 5, 'T1-T-HVAC-UC-4  TORRE 1 TERRAZA UNIDAD DE CONDENSACION 4', '../images/equipos/Condensador_Piso9_Flacso_Matriz.jpeg'),
(25, 2, 5, 'T1-T-HVAC-UC-5  TORRE 1 TERRAZA UNIDAD DE CONDENSACION 5', '../images/equipos/Condensador_Piso9_Flacso_Matriz.jpeg'),
(26, 2, 5, 'T1-T-HVAC-UC-6  TORRE 1 TERRAZA UNIDAD DE CONDENSACION 6', '../images/equipos/Condensador_Piso9_Flacso_Matriz.jpeg'),
(27, 2, 5, 'T2-T-HVAC-UC-1  TORRE 2 TERRAZA UNIDAD DE CONDENSACION 1', '../images/equipos/Condensador_Piso9_Flacso_Matriz.jpeg'),
(28, 2, 5, 'T2-T-HVAC-UC-2  TORRE 2 TERRAZA UNIDAD DE CONDENSACION 2', '../images/equipos/Condensador_Piso9_Flacso_Matriz.jpeg'),
(29, 2, 5, 'T2-T-HVAC-UC-3  TORRE 2 TERRAZA UNIDAD DE CONDENSACION 3', '../images/equipos/Condensador_Piso9_Flacso_Matriz.jpeg'),
(30, 2, 5, 'T2-T-HVAC-UC-4  TORRE 2 TERRAZA UNIDAD DE CONDENSACION 4', '../images/equipos/Condensador_Piso9_Flacso_Matriz.jpeg'),
(31, 2, 5, 'T2-S2-HVAC-UC-1  TORRE 2 SUB2 UNIDAD DE CONDENSACION 1', '../images/equipos/Condensador_Piso9_Flacso_Matriz.jpeg'),
(32, 2, 5, 'FB-T-HVAC-UC-1  FLACSO BIBLIOTECA TERRAZA UNIDAD DE CONDENSACION 1', '../images/equipos/Unidades_condensadores_Biblioteca.jpeg'),
(33, 2, 5, 'FB-T-HVAC-UC-2  FLACSO BIBLIOTECA TERRAZA UNIDAD DE CONDENSACION 2', '../images/equipos/Unidades_condensadores_Biblioteca.jpeg'),
(34, 2, 5, 'FB-T-HVAC-UC-3  FLACSO BIBLIOTECA TERRAZA UNIDAD DE CONDENSACION 3', '../images/equipos/Unidades_condensadores_Biblioteca.jpeg'),
(35, 2, 5, 'FB-T-HVAC-UC-4  FLACSO BIBLIOTECA TERRAZA UNIDAD DE CONDENSACION 4', '../images/equipos/Unidades_condensadores_Biblioteca.jpeg'),
(36, 2, 5, 'FB-T-HVAC-UC-5  FLACSO BIBLIOTECA TERRAZA UNIDAD DE CONDENSACION 5', '../images/equipos/Unidades_condensadores_Biblioteca.jpeg'),
(37, 2, 5, 'FB-T-HVAC-UC-6  FLACSO BIBLIOTECA TERRAZA UNIDAD DE CONDENSACION 6', '../images/equipos/Unidades_condensadores_Biblioteca.jpeg'),
(38, 2, 5, 'FB-T-HVAC-UC-7  FLACSO BIBLIOTECA TERRAZA UNIDAD DE CONDENSACION 7', '../images/equipos/Unidades_condensadores_Biblioteca.jpeg'),
(39, 2, 5, 'FB-T-HVAC-UC-8  FLACSO BIBLIOTECA TERRAZA UNIDAD DE CONDENSACION 8', '../images/equipos/Unidades_condensadores_Biblioteca.jpeg'),
(40, 2, 5, 'FB-T-HVAC-UC-9  FLACSO BIBLIOTECA TERRAZA UNIDAD DE CONDENSACION 9', '../images/equipos/Unidades_condensadores_Biblioteca.jpeg'),
(41, 2, 5, 'FB-PB-HVAC-UC-1  FLACSO BIBLIOTECA PB UNIDAD CONDENSADORA 1', '../images/equipos/Condensador_Piso2_Flacso_Matriz.jpeg'),
(42, 2, 6, 'FM-HVAC-EV  FLACSO MATRIZ EVAPORADORES', '../images/equipos/Evaporadores.jpeg'),
(43, 2, 6, 'T2-HVAC-EV  TORRE 2  EVAPORADORES', '../images/equipos/Evaporadores.jpeg'),
(44, 2, 6, 'T1-HVAC-EV  TORRE 1 EVAPORADORES', '../images/equipos/Evaporadores.jpeg'),
(45, 2, 6, 'FB-HVAC-EV  FLACSO BIBLIOTECA EVAPORADORES', '../images/equipos/Evaporadores.jpeg'),
(46, 2, 7, 'FM-S2-HVAC-SE-1  FLACSO MATRIZ SUB2 SISTEMA DE EXTRACCION 1', '../images/equipos/Sistema_Extraccion_Flacso_Matriz.jpeg'),
(47, 2, 7, 'FM-S2-HVAC-SV-1  FLACSO MATRIZ SUB2 SISTEMA DE VENTILACION 1', '../images/equipos/Suministro_Aire_Ventilacion.jpeg'),
(48, 2, 7, 'T2-T-HVAC-SE-1  TORRE 2 TERRAZA SISTEMA DE EXTRACCION 1', '../images/equipos/Sistema_Extraccion_Flacso_Matriz.jpeg'),
(49, 2, 7, 'T2-T-HVAC-SE-2  TORRE 2 TERRAZA SISTEMA DE EXTRACCION 2', '../images/equipos/Sistema_Extraccion_Flacso_Matriz.jpeg'),
(50, 2, 7, 'T2-T-HVAC-SV-1  TORRE 2 TERRAZA SISTEMA DE PRESURIZACION 1', '../images/equipos/Presurizacion_gradas_Flacso_Matriz.jpeg'),
(51, 2, 7, 'T2-T-HVAC-SV-2  TORRE 2 TERRAZA SUMINISTRO A GRADAS 2', '../images/equipos/Presurizacion_Gradas.jpeg'),
(52, 2, 7, 'T2-T-HVAC-SE-3  TORRE 2 TERRAZA SISTEMA DE EXTRACCION 3', '../images/equipos/Sistema_Extraccion_Flacso_Matriz.jpeg'),
(53, 2, 7, 'T1-T-HVAC-SV-3  TORRE 1 TERRAZA SUMINISTRO DE AIRE 3', '../images/equipos/Suministro_Aire_Ventilacion.jpeg'),
(54, 2, 7, 'T1-T-HVAC-SE-4  TORRE 1 TERRAZA SISTEMA DE ESTRACCION 4', '../images/equipos/Sistema_Extraccion_Flacso_Matriz.jpeg'),
(55, 2, 7, 'T1-T-HVAC-SE-5  TORRE 1 TERRAZA SISTEMA DE EXTRACCION 5', '../images/equipos/Sistema_Extraccion_Flacso_Matriz.jpeg'),
(56, 2, 7, 'T1-G-HVAC-SV-1  TORRE 1 SISTEMA DE PRESURIZACION GRADAS 1', '../images/equipos/Suministro_Aire.jpeg'),
(57, 2, 7, 'FM-S1-HVAC-SV-1  FLACSO MATRIZ SUB1 SUMINISTRO DE AIRE HALL ASCENSORES 1', '../images/equipos/Suministro_Aire_Subsuelo_Flacso_Matriz.jpeg'),
(58, 2, 7, 'T1-P1-HVAC-SV-1  TORRE 1 P1 SUMINISTRO DE AIRE COMEDOR 1 ', '../images/equipos/Suministro_Aire.jpeg'),
(59, 2, 7, 'T1-P1-HVAC-SE-1  TORRE 1 P1 SISTEMA DE EXTRACCION AIRE COMEDOR 1', '../images/equipos/Extraccion_cocina_Flacso_Matriz.jpeg'),
(60, 2, 7, 'FB-T-HVAC-SE-4  FLACSO BIBLOTECA TERRAZA SISTEMA DE EXTRACCION BA?OS 4', '../images/equipos/Extractor_Ba?os_Torre2.jpeg'),
(61, 2, 7, 'FB-G-HVAC-SV-1  FLACSO BIBLIOTECA GRADAS SISTEMA DE PRESURIZACION DE GRADAS 1', '../images/equipos/Presurizacion_gradas_Biblioteca.jpeg'),
(62, 2, 7, 'FB-T-HVAC-SV-1  FLACSO BIBLIOTECA SUB1 SUMINISTRO DE AIRE 1', '../images/equipos/Suministro_Aire_Ventilacion.jpeg'),
(63, 2, 7, 'FB-PB-HVAC-SV-1  FLACSO BIBLIOTECA PLANTA BAJA SUMINISTRO DE AIRE 2', '../images/equipos/Suministro_Aire.jpeg'),
(64, 2, 7, 'FB-S1-SHS-SE-1  FLACSO BIBLIOTECA SUB1 SISTEMA DE EXTRACCION 1', '../images/equipos/Sistema_Extraccion_Flacso_Matriz.jpeg'),
(65, 2, 7, 'FB-S2-SHS-SE-2  FLACSO BIBLIOTECA SUB2 SISTEMA DE EXTRACCION 2', '../images/equipos/Sistema_Extraccion_Flacso_Matriz.jpeg'),
(66, 2, 7, 'FB-S3-SHS-SE-3  FLACSO BIBLIOTECA SUB3 SISTEMA DE EXTRACCION 3', '../images/equipos/Sistema_Extraccion_Flacso_Matriz.jpeg'),
(67, 3, 8, 'FM-S4-SHS-BS-1  FLACSO MATRIZ SUB4 BOMBA AGUAS SERVIDAS 1', '../images/equipos/bomba_albanal_flacso_matriz.jpg'),
(68, 3, 8, 'FM-S4-SHS-BS-2  FLACSO MATRIZ SUB4 BOMBA AGUAS SERVIDAS 2', '../images/equipos/bomba_albanal_flacso_matriz.jpg'),
(69, 3, 8, 'FB-S3-SHS-BS-1  FLACSO BIBLIOTECA SUB3 BOMBA AGUAS SERVIDAS 1', '../images/equipos/bomba_albanal_flacso_biblioteca.jpg'),
(70, 3, 8, 'FB-S3-SHS-BS-2  FLACSO BIBLIOTECA SUB3 BOMBA AGUAS SERVIDAS 2', '../images/equipos/bomba_albanal_flacso_biblioteca.jpg'),
(71, 3, 9, 'FM-S4-SHS-BLL-1  FLACSO MATRIZ SUB4 BOMBA AGUAS LLUVIAS 1', '../images/equipos/Bomba_Agua_Lluvia_Flacso_Matriz.jpeg'),
(72, 3, 9, 'FM-S4-SHS-BLL-2  FLACSO MATRIZ SUB4 BOMBA AGUAS LLUVIAS 2', '../images/equipos/Bomba_Agua_Lluvia_Flacso_Matriz.jpeg'),
(73, 3, 9, 'FM-S4-SHS-BLL-3  FLACSO MATRIZ SUB4 BOMBA AGUAS LLUVIAS 3', '../images/equipos/Bomba_Agua_Lluvia_Flacso_Matriz.jpeg'),
(74, 3, 10, 'FM-S4-SHS-BNF-1  FLACSO MATRIZ SUB4 BOMBA NIVEL FREATICO 1', '../images/equipos/bomba_nivel_freatico_flacso_matriz.jpg'),
(75, 3, 10, 'FM-S4-SHS-BNF-2  FLACSO MATRIZ SUB4 BOMBA NIVEL FREATICO 2', '../images/equipos/bomba_nivel_freatico_flacso_matriz.jpg'),
(76, 3, 10, 'FM-S4-SHS-BNF-3  FLACSO MATRIZ SUB4 BOMBA NIVEL FREATICO 3', '../images/equipos/bomba_trifasica_nivel_freatico.jpg'),
(77, 3, 10, 'FM-S4-SHS-BNF-4  FLACSO MATRIZ SUB4 BOMBA NIVEL FREATICO 4', '../images/equipos/bomba_trifasica_nivel_freatico.jpg'),
(78, 3, 10, 'FB-S3-SHS-BNF-1  FLACSO BIBLIOTECA SUB3 BOMBA NIVEL FREATICO 1', '../images/equipos/bomba_nivel_freatico_flacso_biblioteca.jpg'),
(79, 3, 10, 'FB-S3-SHS-BNF-2  FLACSO BIBLIOTECA SUB3 BOMBA NIVEL FREATICO 2', '../images/equipos/bomba_nivel_freatico_flacso_biblioteca.jpg'),
(80, 3, 11, 'FM-S4-SHS-BP-1  FLACSO MATRIZ SUB4 BOMBA AGUA POTABLE 1', '../images/equipos/Bomba_Agua_Potable_Flacso_matriz.jpeg'),
(81, 3, 11, 'FM-S4-SHS-BP-2  FLACSO MATRIZ SUB4 BOMBA AGUA POTABLE 2', '../images/equipos/Bomba_Agua_Potable_Flacso_matriz.jpeg'),
(82, 3, 11, 'FM-S4-SHS-BP-3  FLACSO MATRIZ SUB4 BOMBA AGUA POTABLE 3', '../images/equipos/Bomba_Agua_Potable_Flacso_matriz.jpeg'),
(83, 3, 11, 'FB-S3-SHS-BP-1  FLACSO BIBLIOTECA  SUB3 BOMBA AGUA POTABLE 1', '../images/equipos/Bomba_Agua_Potable_Biblioteca.jpeg'),
(84, 3, 11, 'FB-S3-SHS-BP-2  FLACSO BIBLIOTECA SUB3 BOMBA AGUA POTABLE 2', '../images/equipos/Bomba_Agua_Potable_Biblioteca.jpeg'),
(85, 3, 11, 'FD-S1-SHS-BP-1  FLACSO DOCTORADO SUB1 BOMBA DE AGUA POTABLE 1', '../images/equipos/Bomba_Agua_Potable_Flacso_matriz.jpeg'),
(86, 2, 13, 'FM-HVAC-FC  FLACSO MATRIZ FAN COIL ', '../images/equipos/Data_Aire.jpeg'),
(87, 2, 13, 'T2-HVAC-FC  TORRE 2 FAN COIL ', '../images/equipos/Data_Aire.jpeg'),
(88, 2, 13, 'T1-HVAC-FC  TORRE 1 FAN COIL ', '../images/equipos/Tipo_Split.jpeg'),
(89, 2, 13, 'FB-HVAC-FC  FLACSO BIBLIOTECA  FAN COIL ', '../images/equipos/unidad_split_doctorado.jpg'),
(90, 2, 14, 'FB-PB-HVAC-UP-1  FLACSO BIBLIOTECA PLANTA BAJA UNIDAD TIPO PAQUETE 48000 1', '../images/equipos/Data_Aire.jpeg'),
(91, 2, 14, 'FB-PB-HVAC-UP-2  FLACSO BIBLIOTECA PLANTA BAJA UNIDAD TIPO PAQUETE 48000 2', '../images/equipos/Data_Aire.jpeg'),
(92, 2, 14, 'FB-PB-HVAC-US-1  FLACSO BIBLIOTECA PLANTA BAJA UNIDAD SPLIT DE PARED 16000', '../images/equipos/Tipo_Split.jpeg'),
(93, 2, 14, 'FD-S1-HVAC-US-1  FLACSO DOCTORADO SUB1  UNIDAD TIPO SPLIT 16000 1', '../images/equipos/Tipo_Split.jpeg'),
(94, 2, 14, 'FD-S1-HVAC-US-2  FLACSO DOCTORADO SUB1  UNIDAD TIPO SPLIT 16000 2', '../images/equipos/unidad_split_doctorado.jpg');

-- --------------------------------------------------------

--
-- Estructura de tabla para la tabla `equipo_fotos`
--

DROP TABLE IF EXISTS `equipo_fotos`;
CREATE TABLE IF NOT EXISTS `equipo_fotos` (
  `id` int(11) NOT NULL AUTO_INCREMENT,
  `nombre` varchar(100) NOT NULL,
  `eti` varchar(15) NOT NULL,
  PRIMARY KEY (`id`)
) ENGINE=InnoDB AUTO_INCREMENT=92 DEFAULT CHARSET=latin1;

--
-- Volcado de datos para la tabla `equipo_fotos`
--

INSERT INTO `equipo_fotos` (`id`, `nombre`, `eti`) VALUES
(68, '../images/equipos/2.jpg', '3042'),
(69, '../images/equipos/2', '1685'),
(70, '../images/equipos/2', '8254'),
(71, '../images/equipos/2', '8664'),
(72, '../images/equipos/1.jpg', '5442'),
(73, '../images/equipos/2.jpg', '5442'),
(74, '../images/equipos/20161109_085448.jpg', '5442'),
(75, '../images/equipos/piscina.jpg', '3865'),
(76, '../images/equipos/biosun.jpg', '5445'),
(77, '../images/equipos/farola.png', '5445'),
(78, '../images/equipos/riego.gif', '5445'),
(79, '../images/equipos/piscina.jpg', '4485'),
(80, '../images/equipos/20161109_085448.jpg', '2330'),
(81, '../images/equipos/tipo_split_doctorado (1).JPG', '2330'),
(82, '../images/equipos/Bomba_Agua_Lluvia_Flacso_Matriz.jpeg', '1475'),
(83, '../images/equipos/carwallpaper.jpg', '3604'),
(84, '../images/equipos/referidos.gif', '7250'),
(85, '../images/equipos/camaroLogo.png', '5406'),
(86, '../images/equipos/carwallpaper.jpg', '8920'),
(87, '../images/equipos/c', '3186'),
(88, '../images/equipos/camaroLogo.png', '9431'),
(89, '../images/equipos/pulir.jpg', '9431'),
(90, '../images/equipos/referidos.gif', '386'),
(91, '../images/equipos/carwallpaper.jpg', '1405');

-- --------------------------------------------------------

--
-- Estructura de tabla para la tabla `equipo_tareas`
--

DROP TABLE IF EXISTS `equipo_tareas`;
CREATE TABLE IF NOT EXISTS `equipo_tareas` (
  `id` int(11) NOT NULL AUTO_INCREMENT,
  `equipo_id` int(11) NOT NULL,
  `proceso_id` int(11) NOT NULL,
  `eti` int(11) NOT NULL,
  PRIMARY KEY (`id`)
) ENGINE=MyISAM AUTO_INCREMENT=98 DEFAULT CHARSET=latin1;

--
-- Volcado de datos para la tabla `equipo_tareas`
--

INSERT INTO `equipo_tareas` (`id`, `equipo_id`, `proceso_id`, `eti`) VALUES
(87, 42, 61, 1475),
(86, 42, 60, 1475),
(85, 42, 61, 2330),
(84, 42, 60, 2330),
(83, 79, 54, 5445),
(82, 79, 53, 5445),
(81, 79, 52, 5445),
(80, 1, 3, 5442),
(79, 1, 2, 5442),
(78, 1, 1, 5442),
(88, 43, 61, 3604),
(89, 43, 64, 3604),
(90, 42, 60, 7250),
(91, 42, 61, 7250),
(92, 42, 62, 7250),
(93, 43, 60, 5406),
(94, 43, 61, 5406),
(95, 42, 61, 386),
(96, 42, 64, 386),
(97, 44, 61, 1405);

-- --------------------------------------------------------

--
-- Estructura de tabla para la tabla `equipo_tareas_c`
--

DROP TABLE IF EXISTS `equipo_tareas_c`;
CREATE TABLE IF NOT EXISTS `equipo_tareas_c` (
  `id` int(11) NOT NULL AUTO_INCREMENT,
  `equipo_id` int(11) NOT NULL,
  `eti` int(11) NOT NULL,
  PRIMARY KEY (`id`)
) ENGINE=InnoDB AUTO_INCREMENT=41 DEFAULT CHARSET=latin1;

--
-- Volcado de datos para la tabla `equipo_tareas_c`
--

INSERT INTO `equipo_tareas_c` (`id`, `equipo_id`, `eti`) VALUES
(34, 1, 3865),
(35, 258, 4485),
(36, 6, 8715),
(37, 1, 1300),
(38, 133, 8920),
(39, 131, 3186),
(40, 129, 9431);

-- --------------------------------------------------------

--
-- Estructura de tabla para la tabla `equipo_tareas_informe`
--

DROP TABLE IF EXISTS `equipo_tareas_informe`;
CREATE TABLE IF NOT EXISTS `equipo_tareas_informe` (
  `id` int(11) NOT NULL AUTO_INCREMENT,
  `user_id` int(11) NOT NULL,
  `fecha` varchar(20) NOT NULL,
  `mes_id` varchar(10) NOT NULL,
  `estado` varchar(20) NOT NULL,
  `observacion` text NOT NULL,
  `age` varchar(10) NOT NULL,
  `eti` varchar(10) NOT NULL,
  `created_at` varchar(20) NOT NULL,
  PRIMARY KEY (`id`)
) ENGINE=MyISAM AUTO_INCREMENT=29 DEFAULT CHARSET=latin1;

--
-- Volcado de datos para la tabla `equipo_tareas_informe`
--

INSERT INTO `equipo_tareas_informe` (`id`, `user_id`, `fecha`, `mes_id`, `estado`, `observacion`, `age`, `eti`, `created_at`) VALUES
(28, 1, '2019-02-06', '6', 'funcionando', 'sdfsdf', '2019', '1405', '10/12/19 21:30 pm'),
(27, 1, '2019-12-11', '6', 'funcionando', 'sdflsdkfjdsf', '2019', '386', '10/12/19 21:28 pm'),
(26, 2, '2019-12-11', '6', 'mantenimiento', 'todo bien', '2019', '5406', '10/12/19 20:45 pm'),
(25, 2, '2019-12-12', '6', 'funcionando', 'todo ok', '2019', '7250', '10/12/19 20:27 pm');

-- --------------------------------------------------------

--
-- Estructura de tabla para la tabla `equipo_tareas_informe_c`
--

DROP TABLE IF EXISTS `equipo_tareas_informe_c`;
CREATE TABLE IF NOT EXISTS `equipo_tareas_informe_c` (
  `id` int(11) NOT NULL AUTO_INCREMENT,
  `user_id` int(11) NOT NULL,
  `fecha` varchar(30) NOT NULL,
  `mes_id` int(11) NOT NULL,
  `estado` varchar(30) NOT NULL,
  `observacion` text NOT NULL,
  `age` varchar(11) NOT NULL,
  `eti` varchar(11) NOT NULL,
  `created_at` varchar(30) NOT NULL,
  PRIMARY KEY (`id`)
) ENGINE=InnoDB AUTO_INCREMENT=33 DEFAULT CHARSET=latin1;

--
-- Volcado de datos para la tabla `equipo_tareas_informe_c`
--

INSERT INTO `equipo_tareas_informe_c` (`id`, `user_id`, `fecha`, `mes_id`, `estado`, `observacion`, `age`, `eti`, `created_at`) VALUES
(26, 1, '2019-10-30', 1, 'funcionando', 'prueba 1', '2019', '3865', '30/10/19 17:59 pm'),
(27, 1, '2019-10-30', 6, 'mantenimiento', 'pilas prueba ', '2019', '4485', '30/10/19 18:02 pm'),
(28, 1, '2019-11-07', 1, 'funcionando', 'www', '2019', '8715', '07/11/19 16:52 pm'),
(30, 2, '2019-12-11', 6, 'mantenimiento', '2 img', '2019', '8920', '10/12/19 20:58 pm'),
(31, 2, '2019-12-11', 6, 'mantenimiento', 'gi y camaro', '2019', '3186', '10/12/19 21:01 pm'),
(32, 2, '2019-12-11', 6, 'mantenimiento', 'todo en orden', '2019', '9431', '10/12/19 21:06 pm');

-- --------------------------------------------------------

--
-- Estructura de tabla para la tabla `meses`
--

DROP TABLE IF EXISTS `meses`;
CREATE TABLE IF NOT EXISTS `meses` (
  `id` int(11) NOT NULL AUTO_INCREMENT,
  `nombre` varchar(20) NOT NULL,
  PRIMARY KEY (`id`)
) ENGINE=InnoDB AUTO_INCREMENT=13 DEFAULT CHARSET=latin1;

--
-- Volcado de datos para la tabla `meses`
--

INSERT INTO `meses` (`id`, `nombre`) VALUES
(1, 'Enero'),
(2, 'Febrero '),
(3, 'Marzo '),
(4, 'Abril'),
(5, 'Mayo'),
(6, 'Junio'),
(7, 'Julio'),
(8, 'Agosto'),
(9, 'Septiembre'),
(10, 'Octubre'),
(11, 'Noviembre'),
(12, 'Diciembre');

-- --------------------------------------------------------

--
-- Estructura de tabla para la tabla `procesos`
--

DROP TABLE IF EXISTS `procesos`;
CREATE TABLE IF NOT EXISTS `procesos` (
  `id` int(3) DEFAULT NULL,
  `id_sistema` int(1) DEFAULT NULL,
  `id_subsistema` int(2) DEFAULT NULL,
  `tipo` varchar(26) DEFAULT NULL,
  `nombre` varchar(94) DEFAULT NULL
) ENGINE=InnoDB DEFAULT CHARSET=utf8;

--
-- Volcado de datos para la tabla `procesos`
--

INSERT INTO `procesos` (`id`, `id_sistema`, `id_subsistema`, `tipo`, `nombre`) VALUES
(1, 1, 1, 'INSPECCION', 'INSPECCION---> TEMPERATURA DE LA CASETA DE LA BOMBA. RANGO ADECUADO (4-21 C)'),
(2, 1, 1, 'INSPECCION', 'INSPECCION---> LECTURA DE MANOMETROS DE PRESION EN LA LINEA DE SUCCION. RANGO ADECUADO (0-100 '),
(3, 1, 1, 'INSPECCION', 'INSPECCION---> LA SUCCION Y DESCARGA DE LAS BOMBAS Y VALVULAS DE PASO ESTAN TOTALMENTE ABIERTA'),
(4, 1, 1, 'INSPECCION', 'INSPECCION---> LA TUBERIA ESTA LIBRE DE FILTRACIONES.'),
(5, 1, 1, 'INSPECCION', 'INSPECCION---> LA LECTURA DEL MANOMETRO EN LA LINEA DEL SISTEMA ES NORMAL. RANGO ADECUADO (125'),
(6, 1, 1, 'INSPECCION', 'INSPECCION---> EL DEPOSITO DE SUCCION TIENE EL NIVEL DE AGUA REQUERIDO.'),
(7, 1, 1, 'INSPECCION', 'INSPECCION---> LAS VALVULAS DE PRUEBA DE FLUJO DE AGUA EN POSICION CERRADA.'),
(8, 1, 1, 'INSPECCION', 'INSPECCION---> LA LUZ PILOTO DEL REGULADOR DE ENCENDIDO ESTA ILUMINADA.'),
(9, 1, 1, 'PRUEBA', 'PRUEBA---> REGISTRAR LA PRESION DE ARRANQUE DE LA BOMBA'),
(10, 1, 1, 'PRUEBA', 'PRUEBA---> REGISTRAR LAS LECTURAS DEL MANOMETRO DE PRESION DE SUCCION Y DE DESCARGA DEL SISTEM'),
(11, 1, 1, 'PRUEBA', 'PRUEBA---> INSPECCIONAR POR RUIDOS O VIBRACIONES INUSUALES.'),
(12, 1, 1, 'PRUEBA', 'PRUEBA---> AJUSTAR LAS TUERCAS DE LOS SELLOS DE EMPAQUETADURA SI ES NECESARIO.'),
(13, 1, 1, 'PRUEBA', 'PRUEBA---> OBSERVAR EL TIEMPO QUE TOMA EL MOTOR PARA ACELERAR A VELOCIDAD PLENA.'),
(14, 1, 1, 'PRUEBA', 'PRUEBA---> PRUEBA DE FUNCIONAMIENTO'),
(15, 1, 2, 'INSPECCION', 'INSPECCION---> VALVULAS DE CONTROL'),
(16, 1, 2, 'INSPECCION', 'INSPECCION--->LOS MANOMETROS ESTEN OPERATIVOS '),
(17, 1, 2, 'INSPECCION', 'INSPECCION---> DISPOSITIVOS DE ALARMA DE FLUJO DE AGUA'),
(18, 1, 2, 'INSPECCION', 'INSPECCION---> DISPOSITIVOS DE ALARMA DE SUPERVISION DE VALVULA'),
(19, 1, 2, 'INSPECCION', 'INSPECCION---> CONEXIONES DEL CUERPO DE BOMBEROS'),
(20, 1, 2, 'INSPECCION', 'INSPECCION---> ROCIADORES ESTEN OPERATIVOS'),
(21, 1, 2, 'PRUEBA', 'PRUEBA---> DISPOSITIVOS DE ALARMA DE FLUJO DE AGUA.'),
(22, 1, 2, 'PRUEBA', 'PRUEBA---> DISPOSITIVO DE SENAL SUPERVISION DE VALVULAS.'),
(23, 1, 2, 'PRUEBA', 'PRUEBA---> DRENAJE PRINCIPAL.'),
(24, 1, 2, 'PRUEBA', 'PRUEBA---> PRUEBA DEL ESTADO DE LA VALVULA.'),
(25, 1, 2, 'PRUEBA', 'PRUEBA---> MANOMETROS.'),
(26, 1, 3, 'INSPECCION', 'INSPECCION---> GABINETES ESTEN OPERATIVOS'),
(27, 1, 3, 'INSPECCION', 'INSPECCION---> VALVULAS PARA MANGUERAS.'),
(28, 1, 3, 'INSPECCION', 'INSPECCION---> TUBERIAS SIN OBSTRUCCIONES '),
(29, 1, 3, 'INSPECCION', 'INSPECCION---> CONEXIONES DE MANGUERAS.'),
(30, 1, 3, 'INSPECCION', 'INSPECCION---> BOQUILLAS DE MANGUERAS.'),
(31, 1, 3, 'INSPECCION', 'INSPECCION---> AVISO DE INFORMACION DE DISENO HIDRAULICO.'),
(32, 1, 3, 'PRUEBA', 'PRUEBA---> DISPOSITIVOS DE ALARMA DE FLUJO DE AGUA.'),
(33, 1, 3, 'PRUEBA', 'PRUEBA---> DISPOSITIVO DE SENAL SUPERVISION DE VALVULAS.'),
(34, 1, 3, 'PRUEBA', 'PRUEBA---> DISPOSITIVO DE ALMACENAMIENTO DE MANGUERAS.'),
(35, 1, 3, 'PRUEBA', 'PRUEBA---> PRUEBA DEL ESTADO DE LA VALVULA.'),
(36, 1, 3, 'PRUEBA', 'PRUEBA---> PRUEBA DEL DRENAJE PRINCIPAL.'),
(37, 1, 4, 'INSPECCION', 'INSPECCION---> EQUIPO DE CONTROL FUSIBLES.'),
(38, 1, 4, 'INSPECCION', 'INSPECCION---> EQUIPOS DE INTERFAZ.'),
(39, 1, 4, 'INSPECCION', 'INSPECCION---> SUMINISTRO DE ENERGIA PRINCIPAL.'),
(40, 1, 4, 'INSPECCION', 'INSPECCION---> BATERIAS ESTEN EN BUEN ESTADO'),
(41, 1, 4, 'INSPECCION', 'INSPECCION---> SENALES DE FALLA DE UNIDAD DE CONTROL DE ALARMA DE INCENDIOS.'),
(42, 1, 4, 'INSPECCION', 'INSPECCION---> DISPOSITIVOS INICIADORES, DETECTORES DE HUMO.'),
(43, 1, 4, 'INSPECCION', 'INSPECCION---> DISPOSITIVOS DE FLUJO DE AGUA.'),
(44, 1, 4, 'INSPECCION', 'INSPECCION---> APARATOS DE NOTIFICACION DE ALARMA.'),
(45, 1, 4, 'INSPECCION', 'INSPECCION---> APARATOS DE NOTIFICACION AUDIBLE INDICADORES DE SALIDA.'),
(46, 1, 4, 'PRUEBA', 'PRUEBA---> FUSIBLES.'),
(47, 1, 4, 'PRUEBA', 'PRUEBA---> EQUIPOS DE INTERFAZ.'),
(48, 1, 4, 'PRUEBA', 'PRUEBA---> SUMINISTRO DE ENERGIA PRINCIPAL.'),
(49, 1, 4, 'PRUEBA', 'PRUEBA---> BATERIAS'),
(50, 1, 4, 'PRUEBA', 'PRUEBA---> DISPOSITIVOS INICIADORES, DETECTORES DE HUMO.'),
(51, 1, 4, 'PRUEBA', 'PRUEBA---> APARATOS DE NOTIFICACION AUDIBLE INDICADORES DE SALIDA.'),
(52, 2, 5, 'INSPECCION Y MANTENIMIENTO', 'INSPECCION Y MANTENIMIENTO---> TARJETAS DE CONTROL.'),
(53, 2, 5, 'INSPECCION Y MANTENIMIENTO', 'INSPECCION Y MANTENIMIENTO---> MEDICION DE CARGA DE GAS REFRIGERANTE.'),
(54, 2, 5, 'INSPECCION Y MANTENIMIENTO', 'INSPECCION Y MANTENIMIENTO---> CONDICIONES AMBIENTALES EN LA QUE SE ENCUENTRA EL EQUIPO.'),
(55, 2, 5, 'INSPECCION Y MANTENIMIENTO', 'INSPECCION Y MANTENIMIENTO---> CONTROL DE NIVEL DE ACEITE.'),
(56, 2, 5, 'INSPECCION Y MANTENIMIENTO', 'INSPECCION Y MANTENIMIENTO---> TABLERO ELECTRICO Y MEDICION DE CARGA ELECTRICA.'),
(57, 2, 5, 'INSPECCION Y MANTENIMIENTO', 'INSPECCION Y MANTENIMIENTO---> REVISION DE COMPONENTES DE CONTROL: VALVULAS DE EXPANSION, SOLE'),
(58, 2, 5, 'INSPECCION Y MANTENIMIENTO', 'INSPECCION Y MANTENIMIENTO---> FUNCIONAMIENTO DE MOTOR VENTILADOR.'),
(59, 2, 5, 'INSPECCION Y MANTENIMIENTO', 'INSPECCION Y MANTENIMIENTO---> LIMPIEZA DE SERPENTIN DEL CONDENSADOR.'),
(60, 2, 6, 'INSPECCION Y MANTENIMIENTO', 'INSPECCION Y MANTENIMIENTO---> INSPECCION DE TERMOSTATOS.'),
(61, 2, 6, 'INSPECCION Y MANTENIMIENTO', 'INSPECCION Y MANTENIMIENTO---> LIMPIEZA DE FILTROS DE AIRE.'),
(62, 2, 6, 'INSPECCION Y MANTENIMIENTO', 'INSPECCION Y MANTENIMIENTO---> INSPECCION DE FUNCIONAMIENTO DEL BLOWER.'),
(63, 2, 6, 'INSPECCION Y MANTENIMIENTO', 'INSPECCION Y MANTENIMIENTO---> INSPECCION Y LIMPIEZA DE SERPENTIN DEL EVAPORADOR.'),
(64, 2, 6, 'INSPECCION Y MANTENIMIENTO', 'INSPECCION Y MANTENIMIENTO---> REVISION DEL FUNCIONAMIENTO DEL CONTROL MAESTRO.'),
(65, 2, 6, 'INSPECCION Y MANTENIMIENTO', 'INSPECCION Y MANTENIMIENTO---> INSPECCION DE DESAGUE DE LAS UNIDADES.'),
(66, 2, 7, 'INSPECCION Y MANTENIMIENTO', 'INSPECCION Y MANTENIMIENTO---> REVISION LIMPIEZA CAMBIO FILTROS DE SUMINISTRO DE AIRE'),
(67, 2, 7, 'INSPECCION Y MANTENIMIENTO', 'INSPECCION Y MANTENIMIENTO---> ENGRASE DE CHUMASERAS '),
(68, 2, 7, 'INSPECCION Y MANTENIMIENTO', 'INSPECCION Y MANTENIMIENTO---> REVISION DE BANDAS DE TRANSMISION.'),
(69, 2, 7, 'INSPECCION Y MANTENIMIENTO', 'INSPECCION Y MANTENIMIENTO---> INSPECCION DE TABLEROS ELECTRICOS '),
(70, 2, 7, 'INSPECCION Y MANTENIMIENTO', 'INSPECCION Y MANTENIMIENTO---> LIMPIEZA DEL AREA  DE EQUIPOS.'),
(71, 2, 7, 'INSPECCION Y MANTENIMIENTO', 'INSPECCION Y MANTENIMIENTO---> LIMPIEZA DE REJILLAS DE SUMINISTRO Y DE EXTRACCION.'),
(72, 2, 7, 'INSPECCION Y MANTENIMIENTO', 'INSPECCION Y MANTENIMIENTO---> REVISION PROGRAMACION  PLC '),
(73, 3, 8, 'INSPECCION Y MANTENIMIENTO', 'INSPECCION Y MANTENIMIENTO---> LIMPIEZA DE BOMBAS.'),
(74, 3, 8, 'INSPECCION Y MANTENIMIENTO', 'INSPECCION Y MANTENIMIENTO---> INSPECCION DE TUBERIAS'),
(75, 3, 8, 'INSPECCION Y MANTENIMIENTO', 'INSPECCION Y MANTENIMIENTO---> INPECCION DE TABLERO ELECTRICO.'),
(76, 3, 8, 'INSPECCION Y MANTENIMIENTO', 'INSPECCION Y MANTENIMIENTO---> INSPECCION DE CONTROLES AUTOMATICOS (FLOTADORES).'),
(77, 3, 8, 'INSPECCION Y MANTENIMIENTO', 'INSPECCION Y MANTENIMIENTO---> MEDICION DE CARGA ELECTRICA.'),
(78, 3, 9, 'INSPECCION Y MANTENIMIENTO', 'INSPECCION Y MANTENIMIENTO---> LIMPIEZA DE BOMBAS.'),
(79, 3, 9, 'INSPECCION Y MANTENIMIENTO', 'INSPECCION Y MANTENIMIENTO---> INSPECCION DE TUBERIAS'),
(80, 3, 9, 'INSPECCION Y MANTENIMIENTO', 'INSPECCION Y MANTENIMIENTO---> INPECCION DE TABLERO ELECTRICO.'),
(81, 3, 9, 'INSPECCION Y MANTENIMIENTO', 'INSPECCION Y MANTENIMIENTO---> INSPECCION DE CONTROLES AUTOMATICOS (FLOTADORES).'),
(82, 3, 9, 'INSPECCION Y MANTENIMIENTO', 'INSPECCION Y MANTENIMIENTO---> MEDICION DE CARGA ELECTRICA.'),
(83, 3, 10, 'INSPECCION Y MANTENIMIENTO', 'INSPECCION Y MANTENIMIENTO---> LIMPIEZA DE BOMBAS.'),
(84, 3, 10, 'INSPECCION Y MANTENIMIENTO', 'INSPECCION Y MANTENIMIENTO---> INSPECCION DE TUBERIAS'),
(85, 3, 10, 'INSPECCION Y MANTENIMIENTO', 'INSPECCION Y MANTENIMIENTO---> INPECCION DE TABLERO ELECTRICO.'),
(86, 3, 10, 'INSPECCION Y MANTENIMIENTO', 'INSPECCION Y MANTENIMIENTO---> INSPECCION DE CONTROLES AUTOMATICOS (FLOTADORES).'),
(87, 3, 10, 'INSPECCION Y MANTENIMIENTO', 'INSPECCION Y MANTENIMIENTO---> MANTENIMIENTO DE VALVULAS DE CONTROL'),
(88, 3, 10, 'INSPECCION Y MANTENIMIENTO', 'INSPECCION Y MANTENIMIENTO---> MEDICION DE CARGA ELECTRICA.'),
(89, 3, 11, 'INSPECCION Y MANTENIMIENTO', 'INSPECCION Y MANTENIMIENTO---> REVISION Y CONTROL DE FUGAS'),
(90, 3, 11, 'INSPECCION Y MANTENIMIENTO', 'INSPECCION Y MANTENIMIENTO---> AJUSTE DE PIEZAS '),
(91, 3, 11, 'INSPECCION Y MANTENIMIENTO', 'INSPECCION Y MANTENIMIENTO---> INSPECCION DE TUBERIAS DE EVACUACION'),
(92, 3, 11, 'INSPECCION Y MANTENIMIENTO', 'INSPECCION Y MANTENIMIENTO---> INSPECCION DE TABLERO ELECTRICO DE BOMBAS '),
(93, 3, 11, 'INSPECCION Y MANTENIMIENTO', 'INSPECCION Y MANTENIMIENTO---> INSPECCION DE CISTERNA'),
(94, 3, 11, 'INSPECCION Y MANTENIMIENTO', 'INSPECCION Y MANTENIMIENTO---> INSPECCION DE LAS VALVULAS DE CONTROL DE CISTERNA.'),
(95, 3, 11, 'INSPECCION Y MANTENIMIENTO', 'INSPECCION Y MANTENIMIENTO---> CALIBRACION DE PLC'),
(96, 2, 13, 'INSPECCION Y MANTENIMIENTO', 'INSPECCION Y MANTENIMIENTO---> INSPECCION DE TERMOSTATOS.'),
(97, 2, 13, 'INSPECCION Y MANTENIMIENTO', 'INSPECCION Y MANTENIMIENTO---> LIMPIEZA DE FILTROS DE AIRE.'),
(98, 2, 13, 'INSPECCION Y MANTENIMIENTO', 'INSPECCION Y MANTENIMIENTO---> INSPECCION DE FUNCIONAMIENTO DEL BLOWER.'),
(99, 2, 13, 'INSPECCION Y MANTENIMIENTO', 'INSPECCION Y MANTENIMIENTO---> INSPECCION Y LIMPIEZA DE SERPENTIN DEL EVAPORADOR.'),
(100, 2, 13, 'INSPECCION Y MANTENIMIENTO', 'INSPECCION Y MANTENIMIENTO---> REVISION DEL FUNCIONAMIENTO DEL CONTROL MAESTRO.'),
(101, 2, 13, 'INSPECCION Y MANTENIMIENTO', 'INSPECCION Y MANTENIMIENTO---> INSPECCION DE DESAGUE DE LAS UNIDADES.'),
(102, 2, 14, 'INSPECCION Y MANTENIMIENTO', 'INSPECCION Y MANTENIMIENTO---> TARJETAS DE CONTROL.'),
(103, 2, 14, 'INSPECCION Y MANTENIMIENTO', 'INSPECCION Y MANTENIMIENTO---> MEDICION DE CARGA DE GAS REFRIGERANTE.'),
(104, 2, 14, 'INSPECCION Y MANTENIMIENTO', 'INSPECCION Y MANTENIMIENTO---> CONDICIONES AMBIENTALES EN LA QUE SE ENCUENTRA EL EQUIPO.'),
(105, 2, 14, 'INSPECCION Y MANTENIMIENTO', 'INSPECCION Y MANTENIMIENTO---> CONTROL DE NIVEL DE ACEITE.'),
(106, 2, 14, 'INSPECCION Y MANTENIMIENTO', 'INSPECCION Y MANTENIMIENTO---> TABLERO ELECTRICO Y MEDICION DE CARGA ELECTRICA.'),
(107, 2, 14, 'INSPECCION Y MANTENIMIENTO', 'INSPECCION Y MANTENIMIENTO---> REVISION DE COMPONENTES DE CONTROL: VALVULAS DE EXPANSION, SOLE'),
(108, 2, 14, 'INSPECCION Y MANTENIMIENTO', 'INSPECCION Y MANTENIMIENTO---> FUNCIONAMIENTO DE MOTOR VENTILADOR.'),
(109, 2, 14, 'INSPECCION Y MANTENIMIENTO', 'INSPECCION Y MANTENIMIENTO---> LIMPIEZA DE SERPENTIN DEL CONDENSADOR.'),
(110, 2, 14, 'INSPECCION Y MANTENIMIENTO', 'INSPECCION Y MANTENIMIENTO---> INSPECCION DE TERMOSTATOS.'),
(111, 2, 14, 'INSPECCION Y MANTENIMIENTO', 'INSPECCION Y MANTENIMIENTO---> LIMPIEZA DE FILTROS DE AIRE.'),
(112, 2, 14, 'INSPECCION Y MANTENIMIENTO', 'INSPECCION Y MANTENIMIENTO---> INSPECCION DE FUNCIONAMIENTO DEL BLOWER.'),
(113, 2, 14, 'INSPECCION Y MANTENIMIENTO', 'INSPECCION Y MANTENIMIENTO---> INSPECCION Y LIMPIEZA DE SERPENTIN DEL EVAPORADOR.'),
(114, 2, 14, 'INSPECCION Y MANTENIMIENTO', 'INSPECCION Y MANTENIMIENTO---> REVISION DEL FUNCIONAMIENTO DEL CONTROL MAESTRO.'),
(115, 2, 14, 'INSPECCION Y MANTENIMIENTO', 'INSPECCION Y MANTENIMIENTO---> INSPECCION DE DESAGUE DE LAS UNIDADES.');

-- --------------------------------------------------------

--
-- Estructura de tabla para la tabla `sistemas`
--

DROP TABLE IF EXISTS `sistemas`;
CREATE TABLE IF NOT EXISTS `sistemas` (
  `id` int(11) NOT NULL AUTO_INCREMENT,
  `nombre` varchar(60) NOT NULL,
  PRIMARY KEY (`id`)
) ENGINE=InnoDB AUTO_INCREMENT=4 DEFAULT CHARSET=latin1;

--
-- Volcado de datos para la tabla `sistemas`
--

INSERT INTO `sistemas` (`id`, `nombre`) VALUES
(1, 'Sistema Contra Incendios'),
(2, 'Ventilacion y Aire Acondicionado'),
(3, 'Hidrosanitarios');

-- --------------------------------------------------------

--
-- Estructura de tabla para la tabla `subsistemas`
--

DROP TABLE IF EXISTS `subsistemas`;
CREATE TABLE IF NOT EXISTS `subsistemas` (
  `id` int(11) NOT NULL AUTO_INCREMENT,
  `id_sistema` int(11) NOT NULL,
  `nombre` varchar(50) NOT NULL,
  PRIMARY KEY (`id`)
) ENGINE=InnoDB AUTO_INCREMENT=15 DEFAULT CHARSET=latin1;

--
-- Volcado de datos para la tabla `subsistemas`
--

INSERT INTO `subsistemas` (`id`, `id_sistema`, `nombre`) VALUES
(1, 1, 'Bombas'),
(2, 1, 'Rociadores'),
(3, 1, 'Tuberias'),
(4, 1, 'Alarmas'),
(5, 2, 'Condensador'),
(6, 2, 'Evaporador'),
(7, 2, 'Extraccion y Ventilacion'),
(8, 3, 'Aguas Albanal'),
(9, 3, 'Agua Lluvia'),
(10, 3, 'Nivel Freatico'),
(11, 3, 'Agua potable'),
(13, 2, 'Unidades Fan Coil'),
(14, 2, 'Unidad Tipo paquete y split');

-- --------------------------------------------------------

--
-- Estructura de tabla para la tabla `usuarios`
--

DROP TABLE IF EXISTS `usuarios`;
CREATE TABLE IF NOT EXISTS `usuarios` (
  `id` int(11) NOT NULL AUTO_INCREMENT,
  `nombres` varchar(30) NOT NULL,
  `apellidos` varchar(30) NOT NULL,
  `telefono` varchar(30) NOT NULL,
  `correo` varchar(30) NOT NULL,
  `clave` varchar(30) NOT NULL,
  `foto` varchar(100) NOT NULL,
  `rol` varchar(20) NOT NULL,
  `estado` int(1) NOT NULL,
  PRIMARY KEY (`id`)
) ENGINE=MyISAM AUTO_INCREMENT=4 DEFAULT CHARSET=latin1;

--
-- Volcado de datos para la tabla `usuarios`
--

INSERT INTO `usuarios` (`id`, `nombres`, `apellidos`, `telefono`, `correo`, `clave`, `foto`, `rol`, `estado`) VALUES
(1, 'Andres', 'Robayo', '0987875970', 'arobayo@rojasingenieria.ec', '1234', 'avatar.png', 'admin', 1),
(2, 'jose', 'perez', '123456', 'jose@live.com', '1234', 'avatar.png', 'tecnico', 1),
(3, 'maria', 'perez', '2098271', 'maria@live.com', '1234', 'avatar.png', 'invitado', 1);
COMMIT;

/*!40101 SET CHARACTER_SET_CLIENT=@OLD_CHARACTER_SET_CLIENT */;
/*!40101 SET CHARACTER_SET_RESULTS=@OLD_CHARACTER_SET_RESULTS */;
/*!40101 SET COLLATION_CONNECTION=@OLD_COLLATION_CONNECTION */;
